"Rk,Player,Pos,Age,Tm,G,MP,PER,TS%,3PAr,FTr,ORB%,DRB%,TRB%,AST%,STL%,BLK%,TOV%,USG%,,OWS,DWS,WS,WS/48,,OBPM,DBPM,BPM,VORP"
"1,Alex Abrines\abrinal01,SG,23,OKC,47,673,10.2,.575,.724,.192,2.0,6.7,4.3,5.0,1.5,0.6,9.0,16.1,,0.8,0.6,1.4,.098,,-0.3,-2.6,-2.9,-0.2"
"2,Quincy Acy\acyqu01,PF,26,TOT,18,182,15.7,.617,.462,.308,7.7,15.5,11.5,1.8,0.8,2.9,8.7,19.5,,0.3,0.1,0.4,.117,,-0.8,-3.1,-3.9,-0.1"
"2,Quincy Acy\acyqu01,PF,26,DAL,6,48,-1.3,.355,.412,.176,4.6,15.4,9.7,0.0,0.0,0.0,9.8,20.1,,-0.2,0.0,-0.1,-0.131,,-10.1,-6.0,-16.2,-0.2"
"2,Quincy Acy\acyqu01,PF,26,BRK,12,134,21.9,.703,.479,.354,8.8,15.5,12.2,2.5,1.1,3.9,8.3,19.3,,0.5,0.1,0.6,.206,,2.5,-2.0,0.4,0.1"
"3,Steven Adams\adamsst01,C,23,OKC,56,1727,17.2,.598,.004,.364,12.5,16.0,14.2,5.8,1.8,2.8,16.0,16.8,,2.6,2.3,4.9,.137,,-0.6,1.4,0.8,1.2"
"4,Arron Afflalo\afflaar01,SG,31,SAC,49,1253,8.3,.548,.386,.216,0.8,7.8,4.3,7.4,0.7,0.5,8.6,13.8,,0.8,0.2,1.0,.040,,-1.8,-2.1,-3.8,-0.6"
"5,Alexis Ajinca\ajincal01,C,28,NOP,23,350,11.0,.497,.031,.247,7.7,23.7,15.6,3.0,1.7,4.0,16.3,16.3,,-0.2,0.6,0.3,.048,,-6.4,1.6,-4.8,-0.2"
"6,Cole Aldrich\aldrico01,C,28,MIN,52,475,13.2,.553,.000,.284,11.3,24.3,17.7,7.2,2.5,3.8,13.5,9.0,,0.7,0.7,1.3,.134,,-1.5,3.1,1.5,0.4"
"7,LaMarcus Aldridge\aldrila01,PF,31,SAS,52,1684,18.7,.540,.053,.305,8.3,17.3,12.9,10.5,0.9,2.9,8.3,24.6,,2.9,2.6,5.5,.156,,-0.1,1.1,1.0,1.3"
"8,Lavoy Allen\allenla01,PF,27,IND,44,625,9.9,.481,.009,.171,10.1,14.1,12.1,8.8,1.2,2.1,14.3,10.5,,0.4,0.5,0.9,.067,,-2.4,1.2,-1.3,0.1"
"9,Tony Allen\allento01,SG,35,MEM,50,1391,13.1,.491,.075,.245,9.3,14.0,11.5,7.3,3.4,1.6,14.1,18.0,,-0.2,2.4,2.2,.077,,-2.3,2.9,0.7,0.9"
"10,Al-Farouq Aminu\aminual01,SF,26,POR,37,1075,10.5,.476,.466,.228,4.4,23.9,14.0,10.1,1.7,1.8,14.8,15.5,,-0.4,1.1,0.7,.031,,-2.7,1.2,-1.5,0.1"
"11,Chris Andersen\anderch01,C,38,CLE,12,114,11.6,.497,.136,.636,8.9,20.6,15.0,5.9,2.2,4.9,15.1,12.8,,0.1,0.2,0.3,.108,,-3.7,3.2,-0.4,0.0"
"12,Alan Anderson\anderal01,SF,34,LAC,23,266,4.6,.472,.557,.171,1.3,8.1,4.8,5.7,0.6,0.0,8.5,13.8,,-0.1,0.1,0.0,.007,,-2.9,-2.1,-5.1,-0.2"
"13,Justin Anderson\anderju01,SF,23,TOT,52,714,14.8,.521,.444,.318,6.1,19.1,12.3,7.5,2.1,2.0,11.2,23.6,,0.1,0.9,1.1,.072,,-1.8,-0.1,-2.0,0.0"
"13,Justin Anderson\anderju01,SF,23,DAL,51,710,15.0,.523,.442,.319,6.1,19.1,12.3,7.6,2.1,2.0,11.3,23.7,,0.2,0.9,1.1,.073,,-1.8,-0.1,-1.9,0.0"
"13,Justin Anderson\anderju01,G,23,PHI,1,4,-11.3,.000,1.000,.000,0.0,27.5,13.7,0.0,0.0,0.0,0.0,10.9,,0.0,0.0,0.0,-0.222,,-14.3,-4.9,-19.2,0.0"
"14,Kyle Anderson\anderky01,SG,23,SAS,52,673,11.8,.523,.194,.355,3.5,18.5,11.2,11.0,2.5,2.4,15.8,11.4,,0.3,1.3,1.6,.118,,-2.4,3.7,1.3,0.6"
"15,Ryan Anderson\anderry01,PF,28,HOU,57,1743,13.6,.586,.635,.214,6.0,12.0,9.0,4.7,0.8,0.6,7.0,17.9,,3.3,1.1,4.4,.122,,1.8,-2.3,-0.6,0.6"
"16,Giannis Antetokounmpo\antetgi01,SF,22,MIL,55,1948,26.9,.608,.161,.464,6.3,21.5,14.1,26.3,2.6,4.9,13.6,28.4,,5.9,3.0,8.8,.218,,4.9,3.5,8.4,5.1"
"17,Carmelo Anthony\anthoca01,SF,32,NYK,58,1983,19.2,.545,.299,.265,2.7,16.1,9.4,15.0,1.2,1.1,8.9,29.7,,3.4,1.1,4.4,.108,,2.3,-2.3,0.0,1.0"
"18,Joel Anthony\anthojo01,C,34,SAS,9,56,14.4,.676,.000,.250,12.5,19.7,16.2,2.4,0.9,2.9,10.1,8.0,,0.1,0.1,0.2,.190,,-0.8,1.1,0.4,0.0"
"19,Trevor Ariza\arizatr01,SF,31,HOU,60,2068,12.6,.548,.707,.139,2.3,15.6,8.9,9.1,2.7,0.6,7.9,14.3,,2.2,2.6,4.8,.111,,1.0,1.1,2.1,2.1"
"20,Darrell Arthur\arthuda01,PF,28,DEN,30,486,13.5,.612,.542,.060,4.8,14.6,9.6,10.0,1.1,2.5,14.8,17.6,,0.6,0.2,0.9,.087,,1.0,-1.1,-0.1,0.2"
"21,Omer Asik\asikom01,C,30,NOP,31,482,9.8,.517,.000,.600,10.4,25.4,17.8,4.3,0.5,1.7,14.6,8.8,,0.4,0.6,1.0,.096,,-4.4,1.0,-3.5,-0.2"
"22,D.J. Augustin\augusdj01,PG,29,ORL,59,1224,11.8,.537,.543,.305,0.8,7.0,3.8,21.8,1.0,0.1,12.8,19.2,,1.0,0.5,1.5,.058,,-0.2,-3.3,-3.5,-0.5"
"23,Luke Babbitt\babbilu01,SF,27,MIA,50,781,8.1,.542,.705,.071,1.8,13.3,7.5,4.4,1.0,0.8,7.7,13.3,,0.4,0.8,1.2,.073,,-1.5,-0.8,-2.3,-0.1"
"24,Ron Baker\bakerro01,SG,23,NYK,29,330,8.4,.467,.451,.242,1.9,11.7,6.8,14.2,2.4,0.7,16.6,15.7,,-0.2,0.2,0.0,.006,,-3.1,-0.9,-4.0,-0.2"
"25,Wade Baldwin\baldwwa01,PG,20,MEM,24,309,6.8,.413,.214,.381,2.5,9.9,6.1,24.0,2.3,1.9,24.0,18.9,,-0.6,0.4,-0.2,-0.030,,-6.2,0.7,-5.4,-0.3"
"26,Leandro Barbosa\barbole01,SG,34,PHO,54,712,12.6,.511,.236,.090,1.7,10.8,6.1,14.5,1.6,0.8,8.3,19.3,,0.5,0.3,0.8,.055,,-1.4,-1.9,-3.3,-0.2"
"27,J.J. Barea\bareajo01,PG,32,DAL,18,444,17.3,.530,.385,.172,1.3,13.0,6.8,35.2,1.1,0.2,13.1,25.3,,0.5,0.3,0.8,.089,,1.4,-1.8,-0.4,0.2"
"28,Harrison Barnes\barneha02,PF,24,DAL,58,2078,17.3,.541,.175,.196,4.0,13.6,8.6,8.0,1.3,0.6,6.7,26.2,,2.0,1.7,3.7,.086,,-0.4,-1.2,-1.6,0.2"
"29,Matt Barnes\barnema02,SF,36,SAC,54,1367,10.3,.501,.551,.172,4.7,20.5,12.6,16.4,1.3,1.2,16.8,16.4,,0.0,1.1,1.1,.038,,-1.4,0.2,-1.1,0.3"
"30,Will Barton\bartowi01,SG,26,DEN,44,1284,15.6,.549,.329,.302,4.2,13.7,8.9,17.6,1.4,1.3,12.0,20.7,,2.0,0.5,2.5,.093,,1.4,-0.9,0.4,0.8"
"31,Brandon Bass\bassbr01,PF,31,LAC,39,459,18.5,.656,.014,.410,7.4,15.3,11.5,6.6,1.1,1.6,12.8,18.9,,1.2,0.4,1.6,.168,,-0.1,-0.6,-0.7,0.2"
"32,Nicolas Batum\batumni01,SG,28,CHO,55,1909,15.5,.533,.406,.312,2.2,19.4,10.9,27.1,1.5,1.0,15.7,21.5,,1.2,2.5,3.7,.093,,0.5,1.2,1.7,1.8"
"33,Jerryd Bayless\bayleje01,PG,28,PHI,3,71,8.8,.453,.156,.313,4.6,13.9,9.3,29.8,0.0,0.0,19.8,27.8,,-0.1,0.0,-0.1,-0.064,,-5.1,-2.8,-7.9,-0.1"
"34,Aron Baynes\baynear01,C,30,DET,55,840,11.0,.552,.000,.366,8.7,20.2,14.3,3.0,0.9,2.3,14.3,13.7,,0.7,1.1,1.8,.101,,-3.6,1.0,-2.6,-0.1"
"35,Kent Bazemore\bazemke01,SF,27,ATL,56,1529,11.0,.491,.358,.219,2.3,10.4,6.4,14.4,2.3,2.3,13.9,20.5,,-0.9,2.1,1.2,.038,,-2.5,1.2,-1.3,0.3"
"36,Bradley Beal\bealbr01,SG,23,WAS,52,1798,19.9,.601,.431,.271,2.0,7.5,4.8,17.0,1.5,0.6,9.7,26.4,,4.6,1.3,5.9,.157,,4.4,-2.4,2.0,1.8"
"37,Malik Beasley\beaslma01,SG,20,DEN,18,88,13.6,.516,.395,.186,2.5,6.4,4.4,10.7,2.2,0.0,7.9,24.2,,0.1,0.0,0.1,.052,,-0.5,-4.5,-5.0,-0.1"
"38,Michael Beasley\beaslmi01,PF,28,MIL,48,824,17.5,.586,.110,.274,4.8,19.1,12.1,10.0,1.4,2.4,13.2,24.5,,0.8,0.8,1.5,.089,,-1.5,-1.3,-2.8,-0.2"
"39,Marco Belinelli\belinma01,SG,30,CHO,53,1309,13.1,.567,.465,.235,0.9,10.5,5.7,12.5,1.3,0.5,9.5,18.9,,1.3,1.2,2.5,.090,,0.0,-1.3,-1.3,0.2"
"40,DeAndre' Bembry\bembrde01,SF,22,ATL,28,283,8.8,.481,.156,.182,3.5,12.6,8.2,10.7,0.9,0.9,10.7,14.4,,0.0,0.3,0.2,.038,,-4.4,-0.4,-4.8,-0.2"
"41,Dragan Bender\bendedr01,PF,19,PHO,38,481,5.8,.474,.653,.065,3.6,15.7,9.4,4.9,0.9,3.2,17.5,13.6,,-0.4,0.3,-0.1,-0.012,,-3.8,-0.1,-3.9,-0.2"
"42,Anthony Bennett\bennean01,PF,23,BRK,23,264,14.7,.533,.522,.391,10.1,20.9,15.6,7.1,0.9,0.9,10.0,19.4,,0.3,0.2,0.5,.082,,-0.8,-2.3,-3.1,-0.1"
"43,Davis Bertans\bertada01,PF,24,SAS,48,556,13.0,.606,.729,.194,3.2,10.3,6.8,8.8,1.3,3.0,10.6,15.3,,0.8,0.8,1.6,.142,,1.4,0.6,2.0,0.6"
"44,Patrick Beverley\beverpa01,SG,28,HOU,46,1402,13.8,.555,.521,.128,4.7,16.1,10.4,20.4,2.4,1.1,14.6,14.1,,2.3,1.8,4.0,.138,,1.2,1.6,2.8,1.7"
"45,Bismack Biyombo\biyombi01,C,24,ORL,59,1360,11.9,.539,.000,.707,9.0,25.5,17.0,6.1,0.7,4.5,18.7,13.1,,0.3,1.7,2.1,.073,,-4.5,2.6,-1.9,0.0"
"46,Nemanja Bjelica\bjeline01,PF,28,MIN,57,976,10.3,.536,.526,.174,4.5,17.5,10.9,9.1,1.8,1.4,14.9,16.5,,0.3,0.8,1.1,.053,,-1.1,-0.4,-1.5,0.1"
"47,Tarik Black\blackta01,C,25,LAL,47,763,15.1,.558,.010,.405,14.5,21.3,17.8,6.3,1.2,2.8,14.5,16.2,,1.1,0.6,1.7,.109,,-1.5,0.0,-1.5,0.1"
"48,Eric Bledsoe\bledser01,PG,27,PHO,57,1901,21.4,.568,.301,.441,2.9,14.1,8.3,31.5,2.0,1.0,14.8,28.1,,4.3,1.2,5.4,.137,,4.3,-0.4,3.9,2.8"
"49,Bojan Bogdanovic\bogdabo02,SF,27,TOT,56,1500,12.9,.569,.455,.271,1.6,12.4,7.1,10.0,0.8,0.2,11.9,22.3,,1.0,0.4,1.4,.045,,-0.4,-2.6,-3.1,-0.4"
"49,Bojan Bogdanovic\bogdabo02,SF,27,BRK,55,1482,13.1,.572,.453,.273,1.7,12.2,7.0,10.1,0.8,0.2,11.8,22.4,,1.1,0.3,1.4,.047,,-0.3,-2.7,-3.0,-0.4"
"49,Bojan Bogdanovic\bogdabo02,G-F,27,WAS,1,18,1.4,.200,.600,.000,0.0,24.7,12.5,7.0,2.7,4.7,16.7,14.6,,-0.1,0.0,0.0,-0.125,,-10.4,3.3,-7.1,0.0"
"50,Andrew Bogut\bogutan01,C,32,DAL,26,582,9.4,.460,.012,.136,10.5,34.2,21.8,12.3,1.2,3.9,33.4,10.5,,-0.3,1.0,0.7,.056,,-5.7,5.4,-0.3,0.3"
"51,Joel Bolomboy\bolomjo01,PF,23,UTA,9,20,22.7,.592,.200,.800,6.0,50.3,28.9,8.2,2.6,4.1,12.9,18.2,,0.0,0.1,0.1,.215,,-3.6,4.1,0.4,0.0"
"52,Devin Booker\bookede01,SG,20,PHO,57,1973,14.2,.530,.286,.288,1.9,7.2,4.5,15.4,1.2,0.7,12.7,28.0,,1.1,0.4,1.5,.036,,0.1,-2.9,-2.8,-0.4"
"53,Trevor Booker\booketr01,PF,29,BRK,53,1384,16.3,.565,.129,.214,8.5,25.9,17.3,13.5,2.2,1.2,16.5,17.9,,1.1,1.6,2.7,.094,,-1.2,2.0,0.8,1.0"
"54,Avery Bradley\bradlav01,SG,26,BOS,36,1257,15.5,.561,.345,.117,3.6,18.6,11.1,11.4,1.9,0.5,10.3,22.5,,1.0,1.3,2.3,.087,,0.3,-0.3,-0.1,0.6"
"55,Corey Brewer\breweco01,SF,30,TOT,59,927,7.6,.491,.410,.192,2.5,11.1,6.8,8.9,2.0,1.0,12.7,13.1,,0.0,0.9,1.0,.049,,-3.0,0.1,-3.0,-0.2"
"55,Corey Brewer\breweco01,SF,30,HOU,58,923,7.6,.491,.414,.194,2.5,11.2,6.8,9.0,2.0,1.0,12.7,13.0,,0.0,0.9,1.0,.049,,-3.0,0.1,-2.9,-0.2"
"55,Corey Brewer\breweco01,F-G,30,LAL,1,4,6.3,.500,.000,.000,0.0,0.0,0.0,0.0,0.0,0.0,0.0,21.3,,0.0,0.0,0.0,-0.011,,-5.4,-7.2,-12.6,0.0"
"56,Malcolm Brogdon\brogdma01,SG,24,MIL,56,1428,13.8,.539,.293,.218,2.6,9.2,6.0,24.0,2.3,0.4,15.2,18.1,,1.5,1.0,2.4,.081,,0.1,-1.4,-1.3,0.2"
"57,Aaron Brooks\brookaa01,PG,32,IND,48,663,10.2,.500,.447,.127,2.4,6.3,4.4,22.4,1.6,1.0,17.2,19.6,,-0.2,0.4,0.2,.013,,-1.8,-2.5,-4.3,-0.4"
"58,Anthony Brown\brownan02,SF,24,TOT,11,159,7.2,.430,.540,.000,5.3,16.9,11.0,7.8,1.5,0.5,10.7,15.6,,-0.2,0.2,0.0,.000,,-3.8,-0.4,-4.2,-0.1"
"58,Anthony Brown\brownan02,SF,24,NOP,9,143,5.9,.415,.585,.000,4.4,14.9,9.6,6.0,1.7,0.6,10.9,14.3,,-0.2,0.1,0.0,-0.009,,-4.4,-0.3,-4.7,-0.1"
"58,Anthony Brown\brownan02,SF,24,ORL,2,16,18.7,.500,.333,.000,13.4,35.1,24.0,23.4,0.0,0.0,10.0,27.7,,0.0,0.0,0.0,.083,,1.2,-1.5,-0.3,0.0"
"59,Bobby Brown\brownbo02,PG,32,HOU,18,54,-1.1,.333,.500,.000,0.0,10.3,5.1,5.4,0.0,0.0,6.3,25.2,,-0.2,0.0,-0.2,-0.180,,-9.8,-6.4,-16.2,-0.2"
"60,Jaylen Brown\brownja02,SF,20,BOS,54,848,9.9,.521,.278,.331,3.7,14.3,9.0,6.3,1.4,1.4,11.2,17.9,,0.1,0.7,0.8,.046,,-3.5,-1.0,-4.5,-0.5"
"61,Nicolas Brussino\brussni01,SF,23,DAL,37,257,10.9,.493,.689,.148,4.8,15.8,10.0,15.3,2.0,1.7,14.5,14.0,,0.1,0.3,0.4,.071,,-1.9,1.2,-0.6,0.1"
"62,Reggie Bullock\bullore01,SF,25,DET,15,224,10.4,.517,.485,.061,2.9,12.1,7.4,7.7,1.4,1.1,8.1,14.7,,0.1,0.2,0.3,.072,,-1.4,0.2,-1.2,0.0"
"63,Trey Burke\burketr01,PG,24,WAS,52,653,10.6,.518,.262,.114,1.2,6.5,3.9,20.9,0.8,0.6,14.7,19.6,,0.2,0.3,0.5,.039,,-2.6,-3.3,-5.9,-0.6"
"64,Alec Burks\burksal01,SG,25,UTA,22,331,12.2,.535,.319,.370,1.8,11.5,6.8,7.6,1.9,0.7,11.5,22.2,,0.1,0.5,0.5,.077,,-2.2,-0.6,-2.9,-0.1"
"65,Jimmy Butler\butleji01,SF,27,CHI,53,1949,25.2,.584,.210,.563,4.8,14.0,9.3,23.6,2.5,0.6,9.2,27.1,,7.1,2.3,9.4,.231,,5.9,0.5,6.4,4.1"
"66,Bruno Caboclo\cabocbr01,SF,21,TOR,8,23,7.9,.300,.600,.000,14.6,14.9,14.7,16.8,4.4,0.0,28.6,13.5,,0.0,0.0,0.0,.005,,-2.2,2.5,0.3,0.0"
"67,Jose Calderon\caldejo01,PG,35,LAL,24,292,9.1,.508,.442,.052,2.9,12.7,7.6,25.2,1.2,0.3,24.8,15.3,,-0.1,0.1,0.0,.002,,-2.9,-2.2,-5.2,-0.2"
"68,Kentavious Caldwell-Pope\caldwke01,SG,23,DET,53,1802,13.9,.533,.459,.195,2.5,8.9,5.6,12.4,1.9,0.4,8.3,19.5,,1.9,1.9,3.8,.101,,1.6,0.3,1.8,1.7"
"69,Isaiah Canaan\canaais01,SG,25,CHI,33,572,8.4,.490,.537,.189,1.1,7.9,4.5,8.9,1.9,0.1,9.7,15.0,,0.1,0.4,0.5,.045,,-1.8,-1.3,-3.1,-0.2"
"70,Clint Capela\capelca01,C,22,HOU,45,1041,21.4,.644,.000,.317,11.4,24.6,18.0,6.4,1.0,4.8,11.9,19.7,,2.5,1.5,4.0,.186,,-0.3,1.1,0.9,0.8"
"71,DeMarre Carroll\carrode01,SF,30,TOR,53,1446,12.6,.545,.574,.207,3.7,13.1,8.4,5.3,2.2,1.2,7.7,15.6,,1.6,1.4,3.0,.101,,1.1,0.0,1.1,1.1"
"72,Vince Carter\cartevi01,SG,40,MEM,51,1226,12.0,.530,.589,.257,2.3,13.2,7.6,11.7,1.7,2.1,6.9,15.4,,1.4,1.6,2.9,.115,,0.1,1.1,1.2,1.0"
"73,Michael Carter-Williams\cartemi01,PG,25,CHI,27,587,10.6,.460,.213,.280,3.3,19.6,11.3,18.2,1.8,1.5,16.0,20.9,,-0.5,0.7,0.3,.022,,-3.5,0.9,-2.5,-0.1"
"74,Omri Casspi\casspom01,SF,28,TOT,23,421,11.4,.521,.262,.167,5.8,19.6,12.7,9.7,1.2,0.2,12.3,16.5,,0.1,0.3,0.4,.045,,-2.6,-1.3,-3.9,-0.2"
"74,Omri Casspi\casspom01,SF,28,SAC,22,397,11.4,.511,.248,.179,5.9,20.5,13.2,10.3,1.3,0.2,11.9,16.3,,0.1,0.3,0.4,.047,,-2.6,-1.0,-3.6,-0.2"
"74,Omri Casspi\casspom01,F,28,NOP,1,24,10.0,.667,.444,.000,4.3,4.4,4.4,0.0,0.0,0.0,18.2,20.3,,0.0,0.0,0.0,.012,,-2.5,-5.9,-8.4,0.0"
"75,Willie Cauley-Stein\caulewi01,C,23,SAC,52,712,16.4,.572,.008,.264,8.2,16.0,12.1,6.6,1.8,3.6,10.3,19.7,,0.9,0.7,1.6,.106,,-1.9,0.0,-1.9,0.0"
"76,Tyson Chandler\chandty01,C,34,PHO,47,1298,16.8,.703,.000,.544,12.8,33.7,22.9,3.3,1.2,1.5,19.2,11.4,,2.8,1.3,4.1,.151,,-0.7,0.3,-0.4,0.5"
"77,Wilson Chandler\chandwi01,SF,29,DEN,52,1602,15.2,.538,.325,.199,5.6,18.7,12.1,10.4,1.3,1.1,10.4,22.5,,1.7,0.8,2.5,.075,,0.5,-1.3,-0.8,0.5"
"78,Marquese Chriss\chrisma01,PF,19,PHO,58,1104,11.2,.503,.349,.262,6.4,14.6,10.4,5.1,2.1,2.6,12.4,19.7,,0.0,0.9,0.9,.037,,-2.0,-0.3,-2.3,-0.1"
"79,Rakeem Christmas\chrisra01,PF,25,IND,9,53,16.1,.498,.000,.538,21.6,22.9,22.2,2.6,0.9,8.2,15.7,16.1,,0.1,0.1,0.1,.135,,-3.5,1.3,-2.2,0.0"
"80,Semaj Christon\chrisse01,PG,24,OKC,41,603,5.6,.375,.264,.145,2.6,8.0,5.3,21.3,1.1,0.5,15.5,14.1,,-0.6,0.4,-0.1,-0.010,,-5.4,-1.9,-7.3,-0.8"
"81,Ian Clark\clarkia01,SG,25,GSW,53,754,13.6,.575,.416,.143,2.3,8.7,5.7,12.0,1.9,0.6,10.0,18.8,,0.8,0.9,1.7,.110,,0.0,-1.3,-1.3,0.1"
"82,Jordan Clarkson\clarkjo01,SG,24,LAL,59,1617,13.3,.525,.313,.156,2.5,9.3,5.8,12.9,2.3,0.3,12.7,23.2,,0.1,0.7,0.9,.025,,-0.7,-1.8,-2.6,-0.2"
"83,Darren Collison\collida01,PG,29,SAC,51,1576,15.4,.577,.275,.220,1.4,6.7,4.1,23.1,1.8,0.4,12.1,19.7,,2.6,0.7,3.2,.099,,1.1,-2.3,-1.2,0.3"
"84,Nick Collison\collini01,PF,36,OKC,14,81,9.6,.612,.000,.700,5.5,13.5,9.5,13.4,0.6,1.0,18.7,8.4,,0.1,0.1,0.2,.102,,-3.3,-0.5,-3.8,0.0"
"85,Mike Conley\conlemi01,PG,29,MEM,47,1535,21.9,.583,.402,.351,1.9,10.8,6.2,34.6,2.1,0.9,12.1,25.9,,4.3,1.8,6.1,.190,,5.4,-0.4,5.0,2.7"
"86,Pat Connaughton\connapa01,SG,24,POR,27,195,11.6,.605,.410,.231,5.0,12.6,8.8,10.8,1.0,0.8,12.3,11.0,,0.3,0.1,0.4,.094,,-0.9,-1.4,-2.3,0.0"
"87,DeMarcus Cousins\couside01,C,26,TOT,57,1958,26.7,.562,.242,.490,7.2,29.2,18.2,27.9,2.1,3.7,13.4,37.1,,3.8,3.0,6.7,.165,,4.5,2.8,7.3,4.6"
"87,DeMarcus Cousins\couside01,C,26,SAC,55,1891,26.6,.562,.239,.491,7.1,29.0,18.0,27.9,2.0,3.6,13.2,37.5,,3.7,2.7,6.4,.163,,4.5,2.6,7.1,4.3"
"87,DeMarcus Cousins\couside01,C-F,26,NOP,2,67,29.4,.596,.333,.481,10.9,34.9,22.8,28.1,5.8,4.9,19.6,26.9,,0.1,0.2,0.3,.231,,3.5,8.2,11.8,0.2"
"88,Robert Covington\covinro01,SF,26,PHI,52,1632,12.7,.522,.580,.219,5.0,17.2,11.1,8.1,3.1,2.3,14.2,18.8,,-0.3,2.5,2.3,.067,,-0.7,2.3,1.6,1.5"
"89,Allen Crabbe\crabbal01,SG,24,POR,57,1619,10.5,.591,.441,.211,0.9,9.7,5.2,6.4,1.0,0.5,9.3,14.8,,1.8,0.4,2.2,.065,,-0.3,-1.8,-2.1,0.0"
"90,Jamal Crawford\crawfja01,SG,36,LAC,58,1557,11.4,.509,.363,.219,1.0,5.8,3.4,16.5,1.3,0.7,12.7,22.9,,-0.1,1.0,0.9,.028,,-1.4,-2.1,-3.5,-0.6"
"91,Jae Crowder\crowdja01,SF,26,BOS,48,1558,15.4,.624,.563,.256,2.2,15.8,9.0,9.8,1.6,0.8,8.1,16.7,,3.2,1.4,4.6,.141,,2.1,-0.2,1.9,1.5"
"92,Dante Cunningham\cunnida01,SF,29,NOP,44,1099,8.8,.540,.512,.058,3.4,14.2,8.8,3.9,1.0,1.6,7.5,10.8,,0.5,1.0,1.5,.064,,-2.2,0.7,-1.5,0.1"
"93,Seth Curry\curryse01,PG,26,DAL,54,1542,15.1,.588,.451,.122,1.6,9.5,5.3,16.6,2.2,0.3,11.4,19.2,,2.0,1.4,3.4,.106,,1.4,-0.1,1.3,1.3"
"94,Stephen Curry\curryst01,PG,28,GSW,57,1905,24.2,.632,.551,.260,2.1,11.5,7.1,28.9,2.5,0.5,12.8,29.1,,6.3,2.7,9.0,.227,,7.3,-0.6,6.7,4.2"
"95,Troy Daniels\danietr01,SG,25,MEM,44,757,12.4,.550,.700,.141,1.9,6.8,4.3,6.9,1.2,0.3,7.2,22.4,,0.7,0.6,1.3,.084,,1.3,-3.3,-2.0,0.0"
"96,Anthony Davis\davisan02,C,23,NOP,55,1999,27.2,.575,.081,.430,6.6,28.2,17.3,11.5,1.7,5.6,9.7,32.8,,3.8,3.8,7.7,.184,,1.0,2.5,3.5,2.8"
"97,Deyonta Davis\davisde01,C,20,MEM,26,187,11.1,.527,.000,.436,10.0,21.9,15.8,1.7,0.3,7.7,14.7,13.2,,0.1,0.3,0.4,.096,,-5.9,2.2,-3.7,-0.1"
"98,Ed Davis\davised01,PF,27,POR,46,789,11.4,.563,.000,.570,13.2,20.8,17.0,4.8,0.9,2.3,17.2,11.9,,1.0,0.6,1.6,.096,,-2.3,0.1,-2.2,0.0"
"99,Dewayne Dedmon\dedmode01,C,27,SAS,51,889,17.2,.649,.000,.359,10.9,31.6,21.6,5.0,1.7,4.2,14.7,12.5,,1.8,2.1,3.8,.207,,-1.0,3.6,2.6,1.0"
"100,Sam Dekker\dekkesa01,SF,22,HOU,60,1179,14.1,.561,.438,.156,7.8,13.8,10.8,7.9,1.4,1.4,8.5,15.7,,1.8,1.1,2.9,.118,,0.3,-0.5,-0.3,0.5"
"101,Malcolm Delaney\delanma01,PG,27,ATL,58,1029,8.2,.462,.277,.229,1.1,9.8,5.5,23.4,1.6,0.1,17.8,18.9,,-0.9,1.0,0.1,.006,,-4.3,-1.2,-5.5,-0.9"
"102,Matthew Dellavedova\dellama01,PG,26,MIL,51,1352,9.9,.498,.390,.205,1.5,7.2,4.4,27.5,1.6,0.0,19.7,15.9,,0.4,0.5,0.9,.031,,-1.6,-2.9,-4.5,-0.9"
"103,Luol Deng\denglu01,SF,31,LAL,55,1473,10.2,.471,.385,.149,4.5,17.3,10.6,7.2,1.6,1.1,8.5,14.3,,0.2,0.8,1.0,.033,,-2.2,-0.1,-2.3,-0.1"
"104,DeMar DeRozan\derozde01,SG,27,TOR,51,1812,24.1,.549,.072,.408,3.0,13.9,8.4,19.5,1.6,0.4,8.6,34.4,,4.6,1.4,6.0,.158,,2.0,-1.8,0.2,1.0"
"105,Cheick Diallo\diallch01,PF,20,NOP,9,94,16.9,.472,.000,.256,13.3,22.6,17.9,5.2,1.6,2.6,4.4,21.4,,0.1,0.1,0.2,.104,,-3.8,-0.7,-4.5,-0.1"
"106,Boris Diaw\diawbo01,PF,34,UTA,49,881,7.8,.501,.267,.111,3.5,9.0,6.4,18.6,0.8,0.2,22.2,15.6,,-0.3,0.9,0.5,.029,,-3.1,-0.2,-3.3,-0.3"
"107,Gorgui Dieng\dienggo01,PF,27,MIN,59,1893,14.3,.558,.061,.226,8.2,20.5,14.3,8.4,1.7,2.8,12.5,14.4,,2.3,1.9,4.2,.106,,-0.5,2.0,1.5,1.7"
"108,Spencer Dinwiddie\dinwisp01,PG,23,BRK,35,757,12.1,.577,.287,.436,1.7,11.6,6.7,20.4,1.2,1.2,15.0,14.3,,1.0,0.3,1.3,.086,,-1.4,-0.7,-2.1,0.0"
"109,Toney Douglas\douglto01,PG,30,MEM,15,259,10.9,.467,.388,.250,2.1,16.3,9.0,20.3,2.6,1.5,14.5,18.1,,-0.1,0.4,0.3,.064,,-2.6,1.6,-1.0,0.1"
"110,Goran Dragic\dragigo01,PG,30,MIA,51,1737,19.5,.585,.254,.332,2.4,10.1,6.2,30.7,1.5,0.5,15.0,26.6,,3.5,1.7,5.2,.145,,3.4,-0.8,2.6,2.0"
"111,Andre Drummond\drumman01,C,23,DET,57,1731,21.4,.526,.009,.360,14.6,36.2,25.2,5.5,2.8,3.2,13.1,23.5,,1.0,4.0,4.9,.136,,-2.1,2.9,0.8,1.2"
"112,Jared Dudley\dudleja01,PF,31,PHO,41,848,11.1,.613,.571,.193,2.5,15.2,8.7,11.1,1.4,0.9,15.7,13.6,,1.0,0.4,1.4,.079,,0.3,-0.4,-0.1,0.4"
"113,Mike Dunleavy\dunlemi02,SF,36,TOT,42,674,9.6,.579,.626,.195,2.0,12.9,7.6,8.1,0.8,0.5,11.7,13.9,,0.6,0.5,1.1,.078,,-1.1,-1.2,-2.4,-0.1"
"113,Mike Dunleavy\dunlemi02,SF,36,CLE,23,366,7.6,.539,.633,.211,1.5,12.3,7.1,7.5,0.8,0.4,12.5,13.5,,0.1,0.2,0.4,.048,,-1.9,-1.3,-3.3,-0.1"
"113,Mike Dunleavy\dunlemi02,SF,36,ATL,19,308,12.0,.624,.619,.179,2.5,13.7,8.2,8.8,0.8,0.5,10.8,14.5,,0.4,0.3,0.7,.114,,-0.2,-1.2,-1.3,0.1"
"114,Kris Dunn\dunnkr01,PG,22,MIN,55,913,7.7,.428,.237,.242,2.3,13.3,7.7,20.9,2.6,2.3,23.3,14.8,,-1.0,0.9,-0.1,-0.006,,-4.3,1.2,-3.0,-0.2"
"115,Kevin Durant\duranke01,SF,28,GSW,57,1945,27.6,.653,.303,.374,2.1,23.2,13.4,22.6,1.6,3.9,10.4,27.7,,7.6,3.7,11.3,.280,,5.5,2.7,8.2,5.0"
"116,Henry Ellenson\ellenhe01,PF,20,DET,14,56,6.0,.448,.609,.043,3.9,20.2,11.9,10.5,0.0,0.0,17.6,22.7,,-0.1,0.0,-0.1,-0.065,,-4.9,-2.6,-7.5,-0.1"
"117,Wayne Ellington\ellinwa01,SG,29,MIA,39,1014,11.7,.543,.659,.097,1.2,7.5,4.3,7.6,1.3,0.2,5.4,17.9,,1.0,0.8,1.8,.087,,1.0,-1.8,-0.7,0.3"
"118,Monta Ellis\ellismo01,SG,31,IND,51,1383,9.8,.522,.230,.262,0.7,10.6,5.7,18.0,1.7,1.1,18.7,16.2,,-0.3,1.0,0.7,.025,,-2.6,-0.2,-2.7,-0.3"
"119,Joel Embiid\embiijo01,C,22,PHI,31,786,24.2,.584,.228,.569,8.5,25.5,17.0,16.3,1.7,7.7,17.9,36.1,,0.5,1.5,2.0,.122,,0.2,3.4,3.6,1.1"
"120,James Ennis\ennisja01,SF,26,MEM,45,1128,11.1,.605,.428,.346,5.8,13.4,9.5,6.1,1.6,1.3,14.6,13.1,,1.3,1.3,2.7,.114,,-0.5,1.2,0.8,0.8"
"121,Tyler Ennis\ennisty01,PG,22,HOU,31,196,4.1,.444,.250,.047,2.3,8.5,5.4,24.4,1.5,0.0,26.9,19.4,,-0.4,0.1,-0.2,-0.056,,-6.7,-2.7,-9.4,-0.4"
"122,Tyreke Evans\evansty01,SG,27,TOT,28,522,16.1,.498,.306,.282,1.2,18.3,9.7,31.5,2.3,1.0,13.8,27.2,,-0.1,0.7,0.6,.054,,-0.6,0.2,-0.3,0.2"
"122,Tyreke Evans\evansty01,SG,27,NOP,26,474,15.9,.491,.308,.256,1.3,17.9,9.5,32.0,2.4,0.7,13.4,27.3,,-0.1,0.6,0.5,.050,,-0.5,0.2,-0.2,0.2"
"122,Tyreke Evans\evansty01,G-F,27,SAC,2,48,17.8,.569,.278,.611,0.0,21.8,10.9,27.6,1.1,3.9,18.0,26.2,,0.0,0.0,0.1,.093,,-1.7,0.0,-1.7,0.0"
"123,Dante Exum\exumda01,PG,21,UTA,43,795,9.2,.528,.416,.176,2.6,8.9,5.8,14.4,0.9,0.8,15.2,17.9,,0.2,0.9,1.1,.065,,-1.5,-0.5,-2.0,0.0"
"124,Kenneth Faried\farieke01,PF,27,DEN,49,1078,20.4,.602,.016,.534,15.5,24.1,19.7,5.9,1.6,2.6,11.0,17.4,,2.9,0.9,3.8,.171,,1.1,0.0,1.1,0.8"
"125,Jordan Farmar\farmajo01,PG,30,SAC,2,35,14.5,.500,.750,.000,3.3,6.6,5.0,39.1,2.9,0.0,20.0,19.4,,0.0,0.0,0.1,.069,,0.6,-3.9,-3.3,0.0"
"126,Derrick Favors\favorde01,PF,25,UTA,41,964,15.7,.507,.024,.287,8.7,20.9,15.0,7.7,2.0,3.0,11.4,20.9,,0.3,1.9,2.2,.111,,-2.8,2.6,-0.2,0.4"
"127,Kay Felder\feldeka01,PG,21,CLE,37,353,10.8,.469,.146,.328,1.0,10.0,5.6,20.7,2.2,1.4,14.7,22.9,,-0.2,0.4,0.1,.018,,-4.7,-1.0,-5.7,-0.3"
"128,Cristiano Felicio\feliccr01,C,24,CHI,50,794,15.7,.589,.000,.480,14.1,19.3,16.7,5.6,1.1,1.2,10.0,12.6,,1.8,0.8,2.6,.158,,-0.1,0.0,-0.1,0.4"
"129,Raymond Felton\feltora01,PG,32,LAC,56,1271,11.9,.513,.293,.112,2.6,11.6,7.2,17.5,1.9,1.2,13.1,17.0,,0.6,1.3,1.9,.070,,-1.0,0.7,-0.3,0.6"
"130,Yogi Ferrell\ferreyo01,PG,23,TOT,22,541,12.7,.537,.489,.227,2.0,8.8,5.3,22.2,1.8,0.6,15.7,19.5,,0.3,0.4,0.7,.062,,-0.4,-1.0,-1.4,0.1"
"130,Yogi Ferrell\ferreyo01,PG,23,BRK,10,151,6.6,.482,.551,.327,2.8,5.5,4.2,16.9,0.6,1.0,20.0,19.8,,-0.2,0.0,-0.2,-0.057,,-4.1,-3.3,-7.4,-0.2"
"130,Yogi Ferrell\ferreyo01,PG,23,DAL,12,390,15.1,.560,.465,.189,1.7,10.1,5.7,24.2,2.3,0.5,13.8,19.4,,0.5,0.4,0.9,.108,,1.0,-0.1,0.9,0.3"
"131,Dorian Finney-Smith\finnedo01,PF,23,DAL,57,1183,8.0,.530,.597,.213,3.1,12.0,7.3,5.9,1.6,1.4,13.0,11.1,,0.2,1.1,1.3,.054,,-2.4,1.4,-1.0,0.3"
"132,Bryn Forbes\forbebr01,SG,23,SAS,20,95,4.7,.440,.500,.036,1.2,8.1,4.8,4.4,0.5,0.0,0.0,13.5,,0.0,0.1,0.1,.039,,-3.1,-2.3,-5.4,-0.1"
"133,Evan Fournier\fournev01,SG,24,ORL,47,1560,13.2,.540,.353,.293,2.3,8.9,5.5,16.6,1.5,0.2,12.8,23.6,,0.7,0.9,1.6,.050,,0.2,-1.7,-1.5,0.2"
"134,Randy Foye\foyera01,SG,33,BRK,45,852,6.6,.497,.607,.165,1.0,12.3,6.7,16.0,1.1,0.6,21.0,15.2,,-0.7,0.3,-0.4,-0.023,,-3.7,-1.1,-4.8,-0.6"
"135,Tim Frazier\fraziti01,PG,26,NOP,43,1061,13.3,.522,.287,.327,2.3,9.8,6.0,33.7,1.7,0.5,18.9,17.9,,0.8,0.9,1.7,.077,,-1.1,-1.1,-2.3,-0.1"
"136,Channing Frye\fryech01,C,33,CLE,50,949,15.1,.586,.645,.141,3.3,18.1,11.0,5.5,1.0,2.2,8.1,20.1,,1.4,1.0,2.4,.122,,0.8,-1.4,-0.7,0.3"
"137,Danilo Gallinari\gallida01,SF,28,DEN,46,1559,16.2,.607,.411,.512,1.8,14.7,8.2,9.4,0.9,0.5,8.9,19.4,,4.0,0.4,4.4,.134,,2.2,-2.1,0.1,0.8"
"138,Langston Galloway\gallola01,PG,25,TOT,56,1132,11.0,.505,.607,.117,1.8,9.6,5.7,9.0,1.7,0.4,5.7,19.3,,0.2,1.0,1.1,.047,,-0.4,-1.7,-2.1,0.0"
"138,Langston Galloway\gallola01,PG,25,NOP,55,1120,11.2,.508,.608,.118,1.9,9.6,5.7,9.0,1.7,0.4,5.7,19.5,,0.2,1.0,1.2,.049,,-0.3,-1.7,-2.0,0.0"
"138,Langston Galloway\gallola01,G,25,SAC,1,12,-3.0,.000,.500,.000,0.0,9.7,4.8,10.8,0.0,0.0,0.0,7.5,,0.0,0.0,0.0,-0.149,,-9.6,-2.3,-11.9,0.0"
"139,Marc Gasol\gasolma01,C,32,MEM,56,1923,21.2,.561,.225,.305,2.7,18.2,10.2,24.0,1.4,3.9,10.5,26.9,,3.8,2.9,6.7,.166,,2.6,2.3,4.9,3.3"
"140,Pau Gasol\gasolpa01,C,36,SAS,40,1056,19.3,.567,.124,.282,7.0,26.8,17.2,16.0,0.8,3.6,10.7,20.0,,1.9,2.0,3.9,.178,,0.5,3.2,3.6,1.5"
"141,Rudy Gay\gayru01,SF,30,SAC,30,1013,18.0,.559,.256,.312,4.0,17.8,10.9,14.1,2.3,2.4,12.8,25.7,,0.9,1.1,2.0,.092,,0.2,0.5,0.7,0.7"
"142,Michael Gbinije\gbinimi01,SG,24,DET,9,32,-2.1,.184,.400,.200,6.8,3.5,5.2,7.9,0.0,0.0,0.0,15.2,,-0.1,0.0,-0.1,-0.137,,-7.5,-2.7,-10.3,-0.1"
"143,Alonzo Gee\geeal01,SF,29,DEN,13,89,3.0,.306,.214,.643,4.9,12.6,8.7,8.3,2.7,0.9,18.2,10.4,,-0.1,0.1,-0.1,-0.036,,-5.5,0.8,-4.7,-0.1"
"144,Paul George\georgpa01,SF,26,IND,52,1839,18.2,.566,.343,.279,2.8,16.4,9.7,15.5,2.1,0.8,13.0,28.0,,1.7,1.9,3.6,.093,,1.7,-0.6,1.1,1.5"
"145,Jonathan Gibson\gibsojo01,PG,29,DAL,17,231,9.7,.492,.474,.305,0.5,11.2,5.6,18.8,1.8,0.0,16.3,26.4,,-0.3,0.2,-0.1,-0.027,,-3.2,-2.2,-5.4,-0.2"
"146,Taj Gibson\gibsota01,PF,31,TOT,56,1523,15.7,.547,.022,.219,8.5,19.3,13.8,6.6,1.0,2.6,11.5,19.2,,1.5,1.7,3.2,.102,,-1.7,0.4,-1.3,0.2"
"146,Taj Gibson\gibsota01,PF,31,CHI,55,1502,15.7,.549,.023,.225,8.5,19.3,13.8,6.5,0.9,2.7,11.7,19.1,,1.5,1.7,3.2,.103,,-1.7,0.4,-1.3,0.3"
"146,Taj Gibson\gibsota01,F,31,OKC,1,21,16.2,.462,.000,.000,5.3,15.6,10.5,9.0,2.3,0.0,0.0,26.3,,0.0,0.0,0.0,.078,,-3.8,-3.2,-7.0,0.0"
"147,Manu Ginobili\ginobma01,SG,39,SAS,50,926,14.3,.531,.509,.264,2.7,11.3,7.1,19.7,3.1,1.2,15.3,20.7,,0.6,1.7,2.2,.115,,0.7,1.3,2.0,0.9"
"148,Rudy Gobert\goberru01,C,24,UTA,58,1944,22.1,.673,.002,.834,13.8,29.4,21.9,5.0,1.1,6.1,16.2,16.1,,5.4,4.4,9.8,.242,,0.8,4.6,5.4,3.6"
"149,Archie Goodwin\goodwar01,SG,22,NOP,3,30,19.7,.798,.400,2.000,0.0,0.0,0.0,4.6,0.0,2.7,0.0,13.9,,0.2,0.0,0.2,.290,,2.2,-4.0,-1.8,0.0"
"150,Aaron Gordon\gordoaa01,SF,21,ORL,58,1601,12.9,.506,.337,.246,5.2,13.4,9.2,11.3,1.3,1.3,8.9,19.6,,0.7,1.3,2.0,.059,,-0.9,-0.3,-1.2,0.3"
"151,Eric Gordon\gordoer01,SG,28,HOU,54,1646,14.4,.568,.657,.160,1.1,8.3,4.7,13.8,1.0,1.3,10.1,23.5,,2.2,1.1,3.3,.095,,1.7,-2.7,-1.0,0.4"
"152,Marcin Gortat\gortama01,C,32,WAS,56,1934,16.1,.608,.002,.237,10.7,26.2,18.6,6.6,0.8,2.5,13.7,14.4,,3.4,2.5,5.9,.147,,-0.4,1.7,1.3,1.6"
"153,Treveon Graham\grahatr01,SG,23,CHO,18,106,7.3,.580,.444,.556,2.0,12.1,7.1,6.7,0.9,0.0,8.2,10.3,,0.1,0.1,0.2,.092,,-2.7,-1.2,-3.9,-0.1"
"154,Jerami Grant\grantje01,SF,22,TOT,57,1209,10.4,.558,.322,.460,2.4,11.9,7.2,3.9,1.1,4.3,9.0,12.1,,1.0,1.4,2.4,.095,,-3.0,1.1,-2.0,0.0"
"154,Jerami Grant\grantje01,SF,22,PHI,2,41,3.3,.390,.118,.471,0.0,18.8,9.4,0.0,0.0,7.8,12.8,24.9,,-0.2,0.1,-0.1,-0.137,,-13.9,-2.4,-16.3,-0.1"
"154,Jerami Grant\grantje01,SF,22,OKC,55,1168,10.7,.569,.336,.459,2.5,11.7,7.1,4.1,1.1,4.2,8.7,11.7,,1.1,1.4,2.5,.103,,-2.7,1.2,-1.5,0.2"
"155,Jerian Grant\grantje02,PG,24,CHI,48,785,11.6,.543,.427,.282,1.6,9.1,5.3,14.1,2.3,0.6,12.7,16.2,,0.7,0.8,1.5,.090,,-0.7,-0.6,-1.3,0.1"
"156,Danny Green\greenda02,SG,29,SAS,49,1309,10.8,.572,.721,.056,1.6,12.0,6.9,9.4,2.0,2.4,13.7,13.1,,0.7,2.1,2.8,.104,,0.6,2.4,3.0,1.6"
"157,Draymond Green\greendr01,PF,26,GSW,55,1789,16.8,.528,.409,.324,4.8,21.4,13.7,27.6,3.0,3.6,20.1,15.7,,2.3,4.0,6.2,.167,,0.7,5.2,5.8,3.5"
"158,Gerald Green\greenge01,SG,31,BOS,36,410,12.4,.512,.453,.144,4.1,13.7,8.9,11.3,0.9,1.0,7.7,22.8,,0.2,0.3,0.4,.052,,-1.4,-2.9,-4.3,-0.2"
"159,JaMychal Green\greenja01,PF,26,MEM,57,1631,12.9,.585,.283,.343,8.6,20.8,14.5,6.8,1.2,1.7,14.2,14.2,,2.2,2.2,4.4,.130,,-0.7,1.6,0.9,1.2"
"160,Jeff Green\greenje02,SF,30,ORL,58,1341,10.2,.503,.357,.321,2.6,12.2,7.3,7.9,1.2,0.7,10.9,20.1,,-0.2,0.9,0.7,.024,,-2.8,-1.5,-4.3,-0.8"
"161,Blake Griffin\griffbl01,PF,27,LAC,38,1271,23.5,.554,.063,.425,7.1,21.2,14.3,26.5,1.6,1.3,10.7,29.3,,3.1,1.6,4.7,.178,,3.1,1.8,4.9,2.2"
"162,Justin Hamilton\hamilju01,C,26,BRK,50,977,13.0,.535,.502,.112,6.8,17.3,12.1,7.1,1.2,3.1,10.2,15.5,,0.6,0.7,1.4,.067,,-1.3,0.4,-0.9,0.3"
"163,A.J. Hammons\hammoaj01,C,24,DAL,17,77,9.7,.455,.273,.455,7.2,24.0,15.2,4.1,0.0,7.0,10.2,18.1,,-0.1,0.1,0.0,.017,,-6.7,1.1,-5.6,-0.1"
"164,Tim Hardaway\hardati02,SG,24,ATL,56,1412,14.4,.551,.473,.213,1.5,9.4,5.5,13.8,1.2,0.7,9.0,22.7,,1.3,1.3,2.6,.087,,0.7,-1.9,-1.2,0.3"
"165,James Harden\hardeja01,PG,27,HOU,60,2188,27.4,.615,.485,.583,3.5,21.2,12.4,50.6,2.0,1.0,19.9,34.2,,8.7,2.8,11.5,.252,,8.5,1.5,10.0,6.6"
"166,Maurice Harkless\harklma01,SF,23,POR,53,1543,13.0,.553,.338,.160,6.1,11.8,8.9,5.4,2.0,2.6,11.0,16.2,,1.2,1.2,2.4,.073,,-0.4,0.5,0.1,0.8"
"167,Montrezl Harrell\harremo01,PF,23,HOU,48,899,19.5,.659,.010,.336,8.9,13.4,11.2,10.3,1.0,3.1,10.6,17.9,,2.6,0.9,3.5,.188,,1.0,0.2,1.3,0.7"
"168,Devin Harris\harride01,PG,33,DAL,41,691,12.1,.521,.519,.380,1.5,13.4,7.1,16.7,2.0,0.4,11.3,18.8,,0.4,0.7,1.1,.078,,-1.0,-0.3,-1.3,0.1"
"169,Gary Harris\harriga01,SG,22,DEN,34,979,16.1,.590,.386,.216,3.1,9.0,6.0,12.8,2.0,0.5,9.8,19.3,,1.9,0.3,2.3,.111,,2.5,-1.7,0.8,0.7"
"170,Joe Harris\harrijo01,SG,25,BRK,50,1107,9.3,.562,.605,.139,1.4,12.0,6.8,7.5,1.3,0.5,12.6,16.5,,0.2,0.4,0.6,.028,,-1.4,-1.5,-2.9,-0.2"
"171,Tobias Harris\harrito02,PF,24,DET,58,1840,16.8,.576,.294,.197,1.9,16.3,9.0,8.3,1.0,1.3,8.3,21.9,,2.8,2.0,4.8,.125,,0.9,0.0,0.9,1.3"
"172,Aaron Harrison\harriaa01,SG,22,CHO,5,17,-2.1,.102,.500,.500,0.0,18.9,9.5,22.8,0.0,0.0,0.0,12.8,,-0.1,0.0,0.0,-0.137,,-9.5,-1.7,-11.2,0.0"
"173,Andrew Harrison\harrian01,SG,22,MEM,54,1165,8.7,.473,.438,.551,1.8,8.3,5.0,20.2,2.0,1.5,15.8,16.2,,0.0,1.4,1.4,.058,,-2.4,0.3,-2.1,0.0"
"174,Udonis Haslem\hasleud01,C,36,MIA,16,129,8.8,.542,.091,.682,6.8,23.0,14.9,6.5,2.0,0.6,21.9,12.6,,0.0,0.2,0.2,.075,,-4.6,1.4,-3.3,0.0"
"175,Spencer Hawes\hawessp01,PF,28,CHO,35,626,14.7,.545,.252,.156,5.5,19.5,12.5,16.3,1.0,3.6,14.7,19.4,,0.3,0.9,1.2,.093,,-1.8,1.7,-0.1,0.3"
"176,Gordon Hayward\haywago01,SF,26,UTA,51,1766,23.1,.604,.328,.426,2.2,15.9,9.3,18.4,1.5,0.6,9.1,27.6,,5.7,2.5,8.2,.223,,4.7,0.3,5.0,3.1"
"177,Gerald Henderson\hendege02,SG,29,PHI,53,1287,11.6,.550,.290,.302,1.8,9.8,5.8,10.9,1.2,0.7,9.5,17.8,,1.1,0.9,2.0,.075,,-1.5,-1.1,-2.5,-0.2"
"178,John Henson\hensojo01,C,26,MIL,47,943,14.4,.553,.004,.394,8.0,20.9,14.6,7.9,1.3,5.7,14.0,16.3,,0.8,1.2,2.0,.102,,-2.7,2.1,-0.5,0.4"
"179,Juan Hernangomez\hernaju01,PF,21,DEN,42,522,14.2,.588,.470,.351,6.7,18.9,12.8,5.3,1.8,1.8,8.8,13.7,,0.9,0.4,1.3,.118,,0.3,-0.7,-0.4,0.2"
"180,Willy Hernangomez\hernawi01,C,22,NYK,51,819,18.8,.581,.046,.294,13.2,27.3,20.2,10.5,1.3,2.9,16.9,18.6,,1.3,0.9,2.2,.129,,-0.8,0.7,0.0,0.4"
"181,Mario Hezonja\hezonma01,SF,21,ORL,43,515,6.6,.460,.451,.092,2.1,14.4,8.1,10.1,1.5,1.3,16.9,19.8,,-1.0,0.5,-0.5,-0.047,,-5.2,-0.9,-6.2,-0.5"
"182,Roy Hibbert\hibbero01,C,30,CHO,42,671,13.4,.613,.000,.521,8.5,15.8,12.2,4.5,0.6,5.6,14.9,13.8,,1.0,0.9,1.9,.136,,-2.9,2.1,-0.8,0.2"
"183,Buddy Hield\hieldbu01,SG,23,TOT,59,1213,10.3,.510,.506,.079,1.6,13.5,7.5,10.5,0.8,0.5,9.3,20.5,,-0.3,0.9,0.5,.021,,-1.8,-2.0,-3.8,-0.5"
"183,Buddy Hield\hieldbu01,SG,23,NOP,57,1161,9.9,.502,.511,.070,1.7,13.4,7.5,10.5,0.8,0.5,9.0,20.4,,-0.4,0.8,0.4,.017,,-1.9,-1.9,-3.8,-0.5"
"183,Buddy Hield\hieldbu01,G,23,SAC,2,52,18.9,.685,.400,.300,0.0,15.6,7.8,10.3,1.0,0.0,15.0,23.2,,0.1,0.0,0.1,.120,,0.6,-3.8,-3.2,0.0"
"184,Nene Hilario\hilarne01,C,34,HOU,50,859,17.3,.626,.027,.551,7.9,16.9,12.4,7.9,2.2,3.1,14.9,19.0,,1.5,1.2,2.7,.150,,-1.2,1.2,0.0,0.4"
"185,George Hill\hillge01,PG,30,UTA,33,1045,20.3,.602,.391,.339,2.1,10.1,6.2,21.8,1.8,0.6,9.4,23.9,,3.0,1.4,4.4,.203,,4.5,-0.1,4.4,1.7"
"186,Jordan Hill\hilljo01,C,29,MIN,5,40,5.8,.421,.000,.182,20.0,17.7,18.9,0.0,1.3,0.0,20.2,16.5,,0.0,0.0,0.0,-0.011,,-6.6,-6.1,-12.7,-0.1"
"187,Solomon Hill\hillso01,SF,25,NOP,57,1629,7.9,.535,.567,.264,1.9,11.7,6.7,8.6,1.5,1.2,14.0,11.1,,0.3,1.5,1.8,.054,,-2.0,1.3,-0.7,0.5"
"188,Darrun Hilliard\hillida01,SG,23,DET,27,290,3.5,.413,.375,.250,0.7,9.8,5.2,11.1,1.2,0.3,15.8,19.5,,-0.6,0.3,-0.4,-0.062,,-5.9,-1.2,-7.2,-0.4"
"189,Jrue Holiday\holidjr01,PG,26,NOP,44,1433,17.6,.541,.302,.221,2.6,10.7,6.6,37.5,2.3,1.4,17.6,24.6,,0.9,1.6,2.5,.085,,1.6,0.2,1.8,1.4"
"190,Justin Holiday\holidju01,SG,27,NYK,59,1156,12.3,.542,.534,.185,2.1,13.8,7.9,8.2,2.1,1.6,10.8,16.8,,0.8,0.9,1.7,.070,,-0.5,-0.6,-1.1,0.3"
"191,Rondae Hollis-Jefferson\holliro01,SF,22,BRK,54,1181,12.7,.521,.148,.504,4.6,20.6,12.7,14.4,2.1,1.7,16.9,18.3,,0.1,1.2,1.3,.052,,-3.3,1.6,-1.7,0.1"
"192,Richaun Holmes\holmeri01,C,23,PHI,33,536,17.2,.577,.140,.302,10.5,19.1,14.8,8.1,1.7,4.6,12.2,18.0,,0.7,0.8,1.5,.133,,-1.2,2.1,0.9,0.4"
"193,Rodney Hood\hoodro01,SG,24,UTA,41,1167,12.5,.522,.465,.157,1.1,12.9,7.2,11.0,1.1,0.6,8.4,23.1,,0.5,1.4,1.9,.080,,-0.2,-0.8,-1.0,0.3"
"194,Al Horford\horfoal01,C,30,BOS,46,1510,17.4,.543,.339,.157,4.5,18.0,11.2,23.4,1.1,3.8,11.4,20.5,,2.2,1.6,3.9,.123,,1.0,1.8,2.8,1.8"
"195,Danuel House\houseda01,SG,23,WAS,1,1,12.3,,,,0.0,100.0,56.4,0.0,0.0,0.0,,0.0,,0.0,0.0,0.0,.174,,-16.5,-4.3,-20.8,0.0"
"196,Dwight Howard\howardw01,C,31,ATL,53,1556,21.6,.634,.005,.672,15.9,32.1,24.1,6.7,1.5,3.6,16.4,18.8,,3.2,3.1,6.3,.195,,-0.1,2.5,2.4,1.7"
"197,Marcelo Huertas\huertma01,PG,33,LAL,23,237,9.1,.417,.279,.250,0.9,10.4,5.5,31.4,2.1,0.7,20.1,17.0,,-0.2,0.1,-0.1,-0.022,,-4.5,-2.4,-6.9,-0.3"
"198,Josh Huestis\huestjo01,PF,25,OKC,1,7,61.7,.875,.500,.000,31.6,31.2,31.4,37.3,0.0,11.2,0.0,24.3,,0.1,0.0,0.1,.645,,25.2,6.1,31.3,0.1"
"199,Kris Humphries\humphkr01,PF,31,ATL,45,532,14.7,.552,.252,.380,9.6,22.0,15.9,6.3,1.0,2.5,11.2,17.7,,0.7,0.8,1.4,.129,,-2.2,0.0,-2.2,0.0"
"200,R.J. Hunter\hunterj01,SG,23,CHI,3,9,-3.2,.000,1.000,.000,0.0,12.3,6.0,0.0,0.0,0.0,0.0,4.8,,0.0,0.0,0.0,-0.093,,-9.2,-2.3,-11.5,0.0"
"201,Serge Ibaka\ibakase01,PF,27,TOT,57,1746,17.5,.570,.303,.127,6.2,18.6,12.2,5.8,1.0,4.2,8.3,20.9,,2.2,2.0,4.2,.114,,0.0,0.5,0.5,1.1"
"201,Serge Ibaka\ibakase01,PF,27,ORL,56,1710,17.6,.569,.304,.129,6.3,18.5,12.3,5.9,1.0,4.3,8.2,21.0,,2.2,1.9,4.1,.115,,0.1,0.6,0.7,1.1"
"201,Serge Ibaka\ibakase01,F-C,27,TOR,1,36,13.0,.625,.250,.000,3.1,19.0,11.0,0.0,1.4,2.4,14.3,17.3,,0.0,0.0,0.1,.081,,-3.7,-3.4,-7.1,0.0"
"202,Andre Iguodala\iguodan01,SF,33,GSW,56,1437,12.9,.594,.453,.212,3.1,12.8,8.3,16.9,1.8,1.3,12.1,10.3,,2.5,2.0,4.5,.150,,0.9,1.6,2.5,1.6"
"203,Ersan Ilyasova\ilyaser01,PF,29,TOT,58,1550,14.9,.547,.460,.216,5.5,18.8,12.1,11.1,1.2,0.8,10.1,23.2,,1.2,1.5,2.8,.086,,0.5,-1.2,-0.6,0.5"
"203,Ersan Ilyasova\ilyaser01,PF,29,OKC,3,62,6.8,.469,.750,.000,3.6,24.7,14.2,2.3,2.4,1.3,20.0,13.7,,-0.1,0.1,0.0,.012,,-5.9,-0.4,-6.2,-0.1"
"203,Ersan Ilyasova\ilyaser01,PF,29,PHI,53,1447,15.5,.553,.460,.219,5.4,18.5,11.9,11.6,1.1,0.8,9.9,23.7,,1.4,1.4,2.8,.092,,1.0,-1.2,-0.2,0.7"
"203,Ersan Ilyasova\ilyaser01,F,29,ATL,2,41,7.8,.385,.188,.313,10.9,21.2,16.1,7.3,1.2,0.0,9.9,21.6,,-0.1,0.1,0.0,-0.014,,-6.4,-1.9,-8.3,-0.1"
"204,Joe Ingles\inglejo01,SF,29,UTA,58,1279,13.0,.622,.615,.163,1.1,13.5,7.5,16.5,2.8,0.3,17.2,13.7,,1.6,2.1,3.8,.142,,1.2,2.0,3.2,1.7"
"205,Brandon Ingram\ingrabr01,SF,19,LAL,59,1643,7.2,.449,.305,.333,2.7,13.6,7.9,10.1,0.8,1.2,12.5,15.6,,-1.0,0.5,-0.5,-0.015,,-3.7,-0.8,-4.5,-1.1"
"206,Kyrie Irving\irvinky01,PG,24,CLE,51,1790,22.0,.570,.316,.224,2.3,7.7,5.1,30.0,1.7,0.7,10.9,30.3,,4.8,1.3,6.1,.163,,4.3,-1.9,2.4,2.0"
"207,Jarrett Jack\jackja01,G,33,NOP,1,25,9.5,.773,.333,.667,0.0,0.0,0.0,22.4,2.0,0.0,34.0,10.4,,0.0,0.0,0.0,.090,,-4.4,-5.9,-10.3,-0.1"
"208,Demetrius Jackson\jacksde01,PG,22,BOS,5,17,31.2,.753,.250,1.500,13.2,13.2,13.2,28.0,0.0,0.0,0.0,17.5,,0.1,0.0,0.1,.387,,9.5,-3.0,6.5,0.0"
"209,Pierre Jackson\jackspi01,PG,25,DAL,8,84,13.3,.416,.282,.179,1.3,11.7,6.3,37.9,1.2,0.0,6.7,25.4,,0.0,0.1,0.0,.025,,-1.6,-2.7,-4.3,0.0"
"210,Reggie Jackson\jacksre01,PG,26,DET,37,1043,15.4,.520,.284,.226,1.6,7.2,4.3,31.2,1.4,0.2,14.1,26.4,,0.7,0.9,1.6,.075,,1.1,-1.9,-0.8,0.3"
"211,LeBron James\jamesle01,SF,32,CLE,53,1989,26.3,.616,.250,.387,3.5,19.0,11.5,41.9,1.8,1.3,17.1,29.5,,6.7,2.4,9.0,.217,,6.2,1.7,7.9,5.0"
"212,Al Jefferson\jeffeal01,C,32,IND,57,832,19.5,.534,.002,.188,9.2,23.3,16.4,11.3,1.0,1.6,5.8,26.0,,1.3,0.9,2.2,.125,,-1.0,-1.5,-2.5,-0.1"
"213,Richard Jefferson\jefferi01,SF,36,CLE,56,1106,7.6,.555,.534,.322,2.2,10.7,6.6,6.6,0.7,0.4,11.5,12.1,,0.8,0.6,1.4,.060,,-1.5,-1.0,-2.5,-0.1"
"214,John Jenkins\jenkijo01,SG,25,PHO,4,13,17.6,.595,.400,.400,0.0,8.8,4.3,11.7,0.0,0.0,0.0,19.1,,0.0,0.0,0.0,.172,,1.5,-5.5,-4.0,0.0"
"215,Brandon Jennings\jennibr01,PG,27,NYK,58,1428,12.6,.508,.466,.315,1.6,9.7,5.6,28.2,1.9,0.3,18.0,17.9,,0.9,0.6,1.5,.052,,-0.3,-2.2,-2.5,-0.2"
"216,Jonas Jerebko\jerebjo01,PF,29,BOS,57,950,9.3,.547,.498,.103,5.5,17.8,11.6,7.4,1.3,1.3,13.8,11.6,,0.6,0.9,1.4,.073,,-2.1,0.3,-1.7,0.1"
"217,Amir Johnson\johnsam01,PF,29,BOS,57,1123,15.1,.620,.167,.262,8.9,17.2,13.1,12.9,1.4,2.9,14.8,13.7,,2.2,1.2,3.4,.147,,0.1,1.8,1.9,1.1"
"218,Brice Johnson\johnsbr02,PF,22,LAC,1,3,-13.5,.000,.000,.000,37.8,36.0,36.9,0.0,0.0,0.0,50.0,29.7,,0.0,0.0,0.0,-0.583,,-26.0,-8.6,-34.6,0.0"
"219,James Johnson\johnsja01,PF,29,MIA,54,1426,16.4,.571,.346,.281,3.7,16.8,10.2,20.6,1.7,3.2,17.8,21.7,,1.1,2.2,3.3,.110,,0.3,2.2,2.5,1.6"
"220,Joe Johnson\johnsjo02,SF,35,UTA,57,1287,12.2,.544,.408,.126,2.1,12.9,7.7,12.3,0.9,0.6,10.2,18.0,,1.1,1.5,2.6,.097,,-0.4,-0.1,-0.5,0.5"
"221,Stanley Johnson\johnsst04,SF,20,DET,54,902,8.4,.476,.399,.179,2.9,12.3,7.5,10.8,2.0,1.7,16.1,14.2,,-0.5,1.2,0.7,.039,,-3.0,1.9,-1.1,0.2"
"222,Tyler Johnson\johnsty01,PG,24,MIA,51,1563,16.1,.530,.306,.315,2.4,12.7,7.5,16.7,1.9,1.8,7.2,20.4,,2.3,2.0,4.4,.134,,0.9,1.0,1.9,1.5"
"223,Wesley Johnson\johnswe01,SF,29,LAC,50,652,9.8,.469,.567,.104,4.3,22.0,13.4,4.5,2.1,3.1,8.0,12.7,,0.0,1.0,1.0,.073,,-2.7,2.0,-0.7,0.2"
"224,Nikola Jokic\jokicni01,C,21,DEN,51,1360,25.9,.637,.155,.270,12.8,24.4,18.5,26.8,1.4,2.4,14.5,22.8,,5.3,1.1,6.3,.223,,6.3,1.7,7.9,3.4"
"225,Damian Jones\jonesda03,C,21,GSW,8,45,5.9,.571,.000,.857,15.7,11.3,13.4,0.0,1.1,3.5,34.2,14.0,,0.0,0.1,0.0,.030,,-6.0,-1.8,-7.7,-0.1"
"226,Derrick Jones\jonesde02,SF,19,PHO,8,38,21.2,.751,.000,.300,8.5,6.0,7.3,12.6,0.0,2.1,8.1,13.7,,0.2,0.0,0.2,.207,,2.9,-2.3,0.5,0.0"
"227,James Jones\jonesja02,SF,36,CLE,37,265,14.5,.773,.754,.215,0.9,8.9,5.0,4.4,0.7,2.4,9.0,13.0,,0.7,0.2,0.9,.158,,2.2,-1.6,0.6,0.2"
"228,Terrence Jones\joneste01,PF,25,NOP,51,1264,16.3,.519,.154,.348,5.4,20.0,12.6,7.5,1.5,3.4,7.9,21.4,,0.5,1.8,2.3,.087,,-2.6,1.1,-1.5,0.2"
"229,Tyus Jones\jonesty01,PG,20,MIN,37,444,14.2,.543,.477,.271,1.8,8.2,5.0,27.1,2.9,0.4,14.9,14.0,,0.7,0.3,1.0,.111,,0.3,-1.8,-1.5,0.1"
"230,DeAndre Jordan\jordade01,C,28,LAC,58,1815,20.8,.662,.002,.723,12.7,34.8,24.0,5.7,1.0,4.3,14.6,15.3,,4.4,3.3,7.7,.204,,0.3,3.0,3.3,2.4"
"231,Cory Joseph\josepco01,SG,25,TOR,56,1279,13.1,.511,.167,.216,2.8,10.3,6.5,18.3,1.7,0.3,11.0,18.4,,1.2,0.9,2.1,.079,,-0.6,-1.0,-1.7,0.1"
"232,Frank Kaminsky\kaminfr01,C,23,CHO,56,1428,13.0,.492,.428,.181,3.5,16.2,9.9,13.4,1.5,1.6,8.0,21.5,,0.1,1.8,1.8,.061,,-1.0,0.1,-1.0,0.4"
"233,Enes Kanter\kanteen01,C,24,OKC,48,1034,23.8,.606,.066,.373,13.5,20.7,17.1,8.6,1.0,2.4,12.5,26.4,,2.8,1.3,4.1,.189,,0.9,-1.3,-0.5,0.4"
"234,Ryan Kelly\kellyry01,PF,25,ATL,9,47,12.1,.460,.500,.200,0.0,23.1,11.7,14.7,4.2,3.6,15.5,12.0,,0.0,0.1,0.1,.100,,-4.4,5.0,0.6,0.0"
"235,Michael Kidd-Gilchrist\kiddgmi01,SF,23,CHO,57,1700,13.4,.508,.020,.320,7.5,20.2,13.9,7.2,1.5,3.0,7.7,14.4,,1.5,2.5,4.0,.114,,-2.6,2.6,0.1,0.9"
"236,Sean Kilpatrick\kilpase01,SG,27,BRK,57,1477,12.2,.539,.411,.313,1.3,15.1,8.3,14.4,1.3,0.3,15.0,24.0,,-0.2,0.7,0.4,.014,,-1.8,-1.7,-3.5,-0.6"
"237,Brandon Knight\knighbr03,SG,25,PHO,54,1140,12.6,.502,.265,.293,2.3,9.6,5.8,18.0,1.1,0.4,12.9,25.2,,0.2,0.2,0.5,.019,,-1.5,-3.0,-4.5,-0.7"
"238,Kyle Korver\korveky01,SG,35,TOT,53,1435,12.4,.643,.674,.085,0.6,11.0,5.9,10.0,1.1,1.0,12.5,14.9,,1.9,1.2,3.1,.104,,0.8,-0.6,0.2,0.8"
"238,Kyle Korver\korveky01,SG,35,ATL,32,894,11.0,.594,.649,.110,0.1,10.8,5.5,12.5,1.2,1.2,13.5,14.6,,0.7,0.9,1.6,.085,,-0.4,-0.1,-0.5,0.3"
"238,Kyle Korver\korveky01,SG,35,CLE,21,541,14.8,.717,.711,.048,1.3,11.3,6.4,5.9,0.9,0.7,11.0,15.5,,1.2,0.3,1.5,.135,,2.8,-1.6,1.2,0.4"
"239,Kosta Koufos\koufoko01,C,27,SAC,59,1131,13.9,.582,.003,.178,9.8,23.1,16.4,5.1,1.4,3.2,14.1,14.4,,1.1,1.2,2.3,.098,,-2.5,0.8,-1.7,0.1"
"240,Mindaugas Kuzminskas\kuzmimi01,SF,27,NYK,49,715,12.0,.523,.478,.174,4.8,8.5,6.6,10.1,1.7,1.0,11.4,18.4,,0.5,0.3,0.8,.052,,-0.3,-2.1,-2.4,-0.1"
"241,Skal Labissiere\labissk01,PF,20,SAC,10,89,19.5,.560,.033,.433,15.7,20.9,18.3,7.5,2.3,0.0,12.3,20.7,,0.2,0.1,0.3,.136,,-0.8,-1.8,-2.6,0.0"
"242,Jeremy Lamb\lambje01,SG,24,CHO,38,652,16.1,.525,.312,.281,3.0,24.3,13.7,11.2,1.0,1.7,6.2,24.2,,0.5,0.9,1.4,.103,,-1.5,-0.9,-2.4,-0.1"
"243,Nicolas Laprovittola\laproni01,PG,27,SAS,18,174,8.4,.579,.574,.191,0.7,5.7,3.3,22.8,1.2,0.5,27.2,18.2,,0.0,0.2,0.2,.043,,-2.3,-2.5,-4.9,-0.1"
"244,Joffrey Lauvergne\lauvejo01,C,25,TOT,51,741,12.8,.529,.318,.237,7.6,19.6,13.7,10.4,1.1,0.6,12.6,17.8,,0.6,0.8,1.4,.091,,-2.0,-1.1,-3.1,-0.2"
"244,Joffrey Lauvergne\lauvejo01,C,25,OKC,50,739,12.9,.531,.320,.238,7.6,19.5,13.6,10.4,1.1,0.6,12.6,17.7,,0.6,0.8,1.4,.092,,-1.9,-1.1,-3.0,-0.2"
"244,Joffrey Lauvergne\lauvejo01,C-F,25,CHI,1,2,-23.3,.000,.000,.000,0.0,55.2,27.1,0.0,0.0,0.0,0.0,21.8,,0.0,0.0,0.0,-0.415,,-27.1,-8.5,-35.6,0.0"
"245,Zach LaVine\lavinza01,SG,21,MIN,47,1749,14.7,.576,.437,.197,1.2,9.6,5.3,12.8,1.2,0.5,9.9,21.7,,2.7,0.6,3.2,.088,,2.2,-2.3,-0.1,0.8"
"246,Ty Lawson\lawsoty01,PG,29,SAC,53,1307,14.0,.526,.247,.342,3.4,9.2,6.3,28.2,2.3,0.4,17.7,18.8,,1.0,0.8,1.9,.069,,-0.6,-1.3,-1.9,0.0"
"247,Jake Layman\laymaja01,SF,22,POR,25,155,7.2,.454,.684,.228,1.4,8.7,5.0,6.6,1.9,1.0,8.7,19.4,,-0.1,0.1,-0.1,-0.018,,-2.9,-3.1,-6.0,-0.2"
"248,Courtney Lee\leeco01,SG,31,NYK,54,1691,11.9,.565,.406,.109,2.5,8.8,5.7,9.7,1.4,0.8,7.4,13.6,,2.4,0.5,2.9,.082,,0.8,-0.9,-0.1,0.8"
"249,David Lee\leeda02,PF,33,SAS,56,1034,18.7,.614,.000,.282,11.3,22.6,17.1,13.4,1.1,1.9,14.3,17.1,,2.4,1.7,4.1,.190,,0.9,2.2,3.1,1.3"
"250,Alex Len\lenal01,C,23,PHO,55,1096,14.1,.551,.016,.435,10.2,25.9,17.8,4.2,0.8,5.3,16.7,17.2,,0.7,1.1,1.8,.080,,-3.6,1.2,-2.5,-0.1"
"251,Kawhi Leonard\leonaka01,SF,25,SAS,52,1741,28.0,.617,.288,.421,4.1,15.4,9.9,17.9,2.7,1.7,9.1,31.0,,6.6,3.2,9.9,.272,,6.5,1.2,7.8,4.3"
"252,Meyers Leonard\leoname01,PF,24,POR,49,795,8.3,.491,.576,.115,2.7,19.4,11.0,7.7,0.4,2.0,8.6,16.6,,0.0,0.4,0.5,.028,,-2.6,-1.7,-4.3,-0.5"
"253,Jon Leuer\leuerjo01,PF,27,DET,52,1420,15.7,.588,.276,.186,5.4,18.2,11.7,9.5,0.8,1.2,8.7,17.0,,2.7,1.5,4.2,.142,,0.9,0.8,1.7,1.3"
"254,Caris LeVert\leverca01,SF,22,BRK,33,669,11.0,.531,.531,.260,1.8,12.6,7.2,13.8,2.2,0.6,13.8,16.2,,0.1,0.4,0.6,.042,,-1.5,-0.3,-1.9,0.0"
"255,DeAndre Liggins\liggide01,SG,28,CLE,47,653,7.9,.498,.370,.261,2.1,10.5,6.4,9.4,3.0,1.7,19.4,11.1,,-0.2,0.8,0.7,.048,,-3.1,2.2,-0.9,0.2"
"256,Damian Lillard\lillada01,PG,26,POR,52,1864,22.2,.573,.375,.366,2.0,13.2,7.5,27.7,1.0,0.7,10.3,30.7,,5.3,0.7,5.9,.152,,5.2,-2.4,2.8,2.2"
"257,Jeremy Lin\linje01,PG,28,BRK,14,330,19.6,.569,.366,.303,0.6,12.3,6.5,40.0,2.4,1.6,17.4,25.2,,0.4,0.3,0.7,.102,,1.7,-1.1,0.6,0.2"
"258,Shaun Livingston\livinsh01,PG,31,GSW,53,918,10.0,.573,.004,.178,2.4,9.2,6.1,12.8,1.2,1.0,15.1,13.4,,0.7,1.0,1.7,.088,,-2.5,0.1,-2.4,-0.1"
"259,Kevon Looney\looneke01,C,20,GSW,44,402,14.4,.606,.090,.360,10.6,18.8,15.0,8.0,1.5,3.1,11.2,12.4,,0.8,0.7,1.5,.181,,-0.5,1.9,1.4,0.3"
"260,Brook Lopez\lopezbr01,C,28,BRK,53,1567,20.8,.576,.330,.325,5.6,12.5,9.1,16.2,0.9,4.5,11.9,29.1,,2.4,1.0,3.4,.105,,2.1,-0.2,1.9,1.5"
"261,Robin Lopez\lopezro01,C,28,CHI,59,1651,15.0,.511,.002,.142,12.7,13.7,13.2,5.3,0.3,4.3,9.4,16.8,,1.7,1.6,3.3,.096,,-1.4,0.8,-0.6,0.6"
"262,Kevin Love\loveke01,PF,28,CLE,46,1466,22.0,.582,.455,.366,8.9,28.8,19.1,9.6,1.4,0.9,11.0,26.6,,3.5,2.0,5.6,.182,,2.3,-0.8,1.5,1.3"
"263,Kyle Lowry\lowryky01,PG,30,TOR,56,2111,23.0,.624,.510,.395,2.5,11.9,7.1,29.1,1.9,0.7,13.4,24.9,,7.7,1.7,9.4,.214,,7.4,-0.9,6.4,4.5"
"264,John Lucas III\lucasjo02,PG,34,MIN,5,11,9.2,.250,.250,.000,0.0,0.0,0.0,12.6,9.2,0.0,0.0,16.1,,0.0,0.0,0.0,-0.028,,-6.0,0.5,-5.5,0.0"
"265,Timothe Luwawu-Cabarrot\luwawti01,SF,21,PHI,45,523,6.0,.519,.362,.442,2.3,10.7,6.5,9.5,0.9,0.9,18.7,16.9,,-0.3,0.4,0.0,.004,,-4.7,-1.3,-6.0,-0.5"
"266,Trey Lyles\lylestr01,PF,21,UTA,57,1043,11.3,.481,.474,.178,5.0,18.0,11.7,10.3,1.3,1.3,11.9,22.0,,-0.4,1.6,1.1,.052,,-2.1,0.2,-1.9,0.0"
"267,Shelvin Mack\macksh01,PG,26,UTA,46,983,10.1,.509,.317,.172,1.9,9.7,5.9,21.5,1.9,0.1,19.6,19.8,,-0.4,1.3,0.8,.041,,-2.2,0.1,-2.2,0.0"
"268,Ian Mahinmi\mahinia01,C,30,WAS,6,75,2.7,.432,.000,2.000,3.1,20.8,12.0,0.0,2.0,3.4,25.0,11.7,,-0.1,0.1,0.0,-0.020,,-9.4,-0.1,-9.5,-0.1"
"269,Thon Maker\makerth01,PF,19,MIL,31,232,16.0,.621,.434,.329,7.6,18.0,12.9,2.6,1.3,3.8,8.4,18.4,,0.4,0.2,0.7,.139,,0.1,-2.2,-2.2,0.0"
"270,Boban Marjanovic\marjabo01,C,28,DET,23,159,24.8,.532,.000,.397,20.5,32.1,26.1,5.1,0.6,4.2,8.1,24.4,,0.4,0.3,0.7,.200,,-1.4,-0.7,-2.1,0.0"
"271,Jarell Martin\martija01,PF,22,MEM,40,538,7.8,.469,.181,.333,7.6,25.7,16.4,2.0,1.4,1.4,14.1,16.1,,-0.3,0.8,0.6,.050,,-6.3,-0.6,-6.9,-0.7"
"272,Wesley Matthews\matthwe02,SG,30,DAL,55,1941,13.0,.547,.561,.213,0.7,11.8,6.0,11.8,1.6,0.6,8.7,20.3,,1.4,1.7,3.1,.076,,0.8,-0.2,0.6,1.3"
"273,Luc Mbah a Moute\mbahalu01,PF,30,LAC,56,1249,9.8,.566,.307,.242,3.5,8.1,5.8,2.5,2.3,1.8,10.7,11.7,,0.7,1.3,2.0,.078,,-1.1,1.5,0.3,0.7"
"274,James Michael McAdoo\mcadoja01,PF,24,GSW,31,288,12.2,.576,.042,.250,6.6,11.3,9.1,5.5,1.3,4.7,13.1,13.7,,0.2,0.4,0.6,.106,,-2.7,1.8,-0.9,0.1"
"275,Patrick McCaw\mccawpa01,SG,21,GSW,48,607,8.0,.526,.578,.136,1.9,7.1,4.7,9.2,1.3,1.6,12.4,12.6,,0.2,0.6,0.8,.063,,-1.8,-0.4,-2.2,0.0"
"276,Sheldon McClellan\mcclesh01,SG,24,WAS,25,248,9.9,.492,.406,.328,1.8,11.7,6.8,8.0,1.6,0.7,3.9,13.5,,0.2,0.2,0.4,.083,,-2.3,-1.0,-3.2,-0.1"
"277,C.J. McCollum\mccolcj01,SG,25,POR,57,1972,20.4,.590,.328,.211,2.6,9.2,5.8,18.8,1.5,1.4,10.6,28.1,,4.3,0.9,5.2,.127,,3.8,-2.2,1.6,1.8"
"278,T.J. McConnell\mccontj01,PG,24,PHI,57,1432,13.4,.507,.102,.159,1.9,11.4,6.6,37.3,2.9,0.4,22.4,14.0,,1.0,1.7,2.6,.088,,-2.2,0.1,-2.1,0.0"
"279,Chris McCullough\mcculch01,PF,21,BRK,14,72,16.8,.541,.194,.097,13.3,11.6,12.4,4.9,0.7,2.1,5.8,20.3,,0.1,0.0,0.1,.090,,-0.9,-3.0,-4.0,0.0"
"280,K.J. McDaniels\mcdankj01,SF,23,TOT,30,214,10.0,.552,.397,.147,3.1,12.4,7.8,2.7,1.4,3.0,12.1,16.4,,0.0,0.2,0.3,.058,,-3.7,-1.1,-4.8,-0.1"
"280,K.J. McDaniels\mcdankj01,SF,23,HOU,29,212,10.0,.552,.397,.147,3.1,12.5,7.8,2.7,1.4,3.1,12.1,16.5,,0.0,0.2,0.3,.059,,-3.7,-1.1,-4.8,-0.1"
"280,K.J. McDaniels\mcdankj01,G-F,23,BRK,1,2,0.0,,,,0.0,0.0,0.0,0.0,0.0,0.0,,0.0,,0.0,0.0,0.0,-0.019,,-6.7,-0.1,-6.9,0.0"
"281,Doug McDermott\mcderdo01,SF,25,TOT,45,1097,11.4,.553,.396,.181,1.6,11.9,6.6,6.4,0.5,0.3,7.6,17.7,,1.2,0.6,1.8,.080,,-0.8,-2.4,-3.2,-0.3"
"281,Doug McDermott\mcderdo01,SF,25,CHI,44,1078,11.5,.555,.399,.180,1.4,11.9,6.5,6.5,0.5,0.3,7.4,17.5,,1.2,0.6,1.8,.082,,-0.7,-2.3,-2.9,-0.2"
"281,Doug McDermott\mcderdo01,F,25,OKC,1,19,6.3,.450,.250,.250,11.6,11.5,11.6,0.0,0.0,0.0,18.4,24.3,,0.0,0.0,0.0,-0.072,,-8.9,-8.1,-17.0,-0.1"
"282,JaVale McGee\mcgeeja01,C,29,GSW,53,511,23.2,.642,.018,.330,14.5,20.6,17.8,3.8,1.1,5.6,11.2,24.0,,1.1,1.0,2.1,.197,,-0.4,-0.4,-0.7,0.2"
"283,Rodney McGruder\mcgruro01,SG,25,MIA,55,1430,9.1,.508,.475,.164,5.4,8.9,7.1,8.0,1.3,0.7,9.4,11.9,,1.0,1.3,2.3,.076,,-0.8,0.6,-0.1,0.7"
"284,Ben McLemore\mclembe01,SG,23,SAC,44,809,8.9,.526,.435,.159,1.9,7.9,4.9,7.0,1.4,0.6,11.6,18.3,,-0.1,0.3,0.2,.012,,-2.3,-2.6,-4.9,-0.6"
"285,Jordan McRae\mcraejo01,SG,25,CLE,37,384,9.7,.488,.340,.227,1.8,9.5,5.7,7.4,1.0,1.2,7.8,20.5,,0.0,0.2,0.2,.029,,-3.6,-2.5,-6.1,-0.4"
"286,Josh McRoberts\mcrobjo01,PF,29,MIA,22,381,9.8,.439,.263,.076,6.6,14.7,10.6,19.1,1.3,0.8,15.9,16.9,,-0.2,0.4,0.3,.034,,-2.9,0.6,-2.3,0.0"
"287,Jodie Meeks\meeksjo01,SG,29,ORL,24,520,13.5,.574,.530,.250,0.6,11.0,5.7,10.9,2.7,0.3,11.4,18.0,,0.5,0.5,1.0,.089,,-0.1,-0.5,-0.7,0.2"
"288,Salah Mejri\mejrisa01,C,30,DAL,52,692,14.5,.679,.022,.396,11.6,29.2,19.9,2.2,2.0,6.6,23.0,9.5,,0.9,1.4,2.3,.162,,-3.7,4.4,0.8,0.5"
"289,Jordan Mickey\mickejo01,PF,22,BOS,17,116,10.8,.509,.034,.345,11.6,15.5,13.6,6.3,0.9,2.1,17.3,15.6,,0.0,0.1,0.1,.050,,-4.3,-0.6,-4.9,-0.1"
"290,Khris Middleton\middlkh01,SG,25,MIL,5,103,17.9,.531,.146,.390,1.1,10.9,6.1,26.8,2.9,0.9,7.7,22.7,,0.2,0.1,0.3,.147,,0.4,-1.7,-1.3,0.0"
"291,C.J. Miles\milescj01,SF,29,IND,53,1225,13.9,.598,.622,.143,1.5,12.8,7.2,3.8,1.4,1.6,5.8,18.4,,1.7,1.0,2.7,.105,,1.4,-1.9,-0.5,0.5"
"292,Mike Miller\millemi01,SF,36,DEN,15,83,8.4,.672,.857,.143,2.6,24.4,13.4,18.7,0.6,0.0,37.7,12.1,,0.0,0.0,0.0,.022,,-2.4,-1.5,-3.9,0.0"
"293,Patty Mills\millspa02,PG,28,SAS,56,1191,15.9,.589,.539,.135,1.8,7.7,4.8,23.4,2.0,0.0,13.6,20.4,,2.1,1.5,3.6,.144,,2.9,-1.3,1.5,1.1"
"294,Paul Millsap\millspa01,PF,31,ATL,55,1868,18.2,.538,.258,.398,5.4,19.6,12.6,17.8,2.1,2.3,11.6,24.2,,2.2,3.0,5.2,.133,,0.7,2.3,3.0,2.3"
"295,Nikola Mirotic\mirotni01,PF,25,CHI,50,1144,12.8,.517,.601,.230,3.5,22.0,12.6,6.0,1.6,2.6,11.1,19.3,,0.3,1.6,1.9,.079,,-1.3,0.1,-1.2,0.2"
"296,Greg Monroe\monrogr01,C,26,MIL,55,1199,22.0,.574,.004,.359,10.8,24.6,17.8,16.2,2.9,1.9,13.7,23.9,,2.2,1.8,4.0,.158,,0.8,1.6,2.4,1.3"
"297,E'Twaun Moore\mooreet01,SG,27,NOP,52,1282,12.2,.537,.336,.105,2.2,7.3,4.7,14.2,1.4,1.5,9.4,17.9,,0.7,1.0,1.7,.065,,-0.9,-0.6,-1.5,0.2"
"298,Marcus Morris\morrima03,SF,27,DET,57,1886,12.9,.515,.363,.173,3.0,13.1,7.9,9.5,1.2,0.7,7.3,20.0,,1.3,1.9,3.1,.080,,0.0,0.1,0.2,1.0"
"299,Markieff Morris\morrima02,PF,27,WAS,54,1727,14.4,.544,.223,.267,5.4,18.6,12.1,8.2,1.8,1.5,12.3,21.4,,1.2,2.2,3.4,.095,,-1.2,0.4,-0.8,0.5"
"300,Anthony Morrow\morroan01,SG,31,OKC,40,627,9.1,.493,.536,.117,1.9,3.1,2.5,4.5,1.6,0.3,2.9,16.3,,0.4,0.4,0.8,.065,,-1.8,-3.0,-4.8,-0.4"
"301,Donatas Motiejunas\motiedo01,PF,26,NOP,21,328,10.1,.536,.370,.370,5.4,17.5,11.4,12.6,1.8,1.8,21.0,16.1,,-0.1,0.4,0.3,.046,,-3.2,1.4,-1.8,0.0"
"302,Timofey Mozgov\mozgoti01,C,30,LAL,53,1089,12.2,.548,.003,.234,9.9,16.2,12.9,5.9,0.7,2.2,16.3,16.8,,0.6,0.5,1.1,.048,,-2.8,-0.8,-3.6,-0.5"
"303,Emmanuel Mudiay\mudiaem01,PG,20,DEN,45,1242,10.3,.472,.327,.296,2.3,11.8,7.0,21.4,1.5,0.7,16.7,22.4,,-0.5,0.4,-0.1,-0.004,,-2.1,-1.7,-3.8,-0.6"
"304,Shabazz Muhammad\muhamsh01,SF,24,MIN,55,1069,14.3,.569,.260,.316,5.9,11.2,8.5,3.7,0.7,0.3,7.4,20.2,,1.8,0.2,2.1,.092,,-0.3,-3.9,-4.2,-0.6"
"305,Dejounte Murray\murrade01,PG,20,SAS,32,243,9.9,.519,.196,.258,2.4,11.8,7.2,19.9,1.0,1.4,22.3,25.8,,-0.3,0.3,0.0,-0.007,,-4.7,-1.0,-5.7,-0.2"
"306,Jamal Murray\murraja01,SG,19,DEN,58,1160,10.7,.499,.481,.177,3.1,10.8,6.9,12.6,1.2,1.3,12.7,21.1,,0.2,0.3,0.5,.020,,-1.1,-2.3,-3.4,-0.4"
"307,Mike Muscala\muscami01,C,25,ATL,52,1006,14.8,.598,.317,.216,7.0,14.0,10.5,10.9,1.2,2.9,12.6,15.2,,1.5,1.3,2.8,.132,,-0.2,1.4,1.2,0.8"
"308,Larry Nance Jr.\nancela02,PF,24,LAL,40,895,15.9,.584,.061,.220,8.6,19.1,13.7,10.2,2.7,2.5,13.6,12.9,,1.3,0.9,2.3,.123,,-0.3,2.4,2.1,0.9"
"309,Shabazz Napier\napiesh01,PG,25,POR,33,272,13.6,.526,.596,.240,1.2,11.1,6.1,19.5,3.5,0.3,16.1,22.1,,0.0,0.2,0.3,.045,,-0.5,-1.6,-2.1,0.0"
"310,Maurice Ndour\ndourma01,PF,24,NYK,21,145,11.2,.518,.125,.250,6.6,14.0,10.3,1.0,2.7,1.1,10.1,14.6,,0.1,0.1,0.2,.067,,-3.7,-1.7,-5.4,-0.1"
"311,Gary Neal\nealga01,SG,32,ATL,2,18,-4.3,.228,.286,.571,0.0,6.0,3.1,7.0,0.0,0.0,0.0,21.3,,-0.1,0.0,-0.1,-0.194,,-11.7,-4.9,-16.6,-0.1"
"312,Jameer Nelson\nelsoja01,PG,34,DEN,58,1525,11.6,.542,.438,.096,1.6,8.7,5.1,26.9,1.3,0.3,17.1,16.3,,1.7,0.3,2.0,.063,,0.4,-2.7,-2.3,-0.1"
"313,Raul Neto\netora01,PG,24,UTA,29,213,9.7,.527,.356,.068,0.6,10.0,5.4,14.9,3.0,0.0,15.3,15.8,,0.0,0.3,0.4,.080,,-2.3,0.7,-1.6,0.0"
"314,Georges Niang\niangge01,PF,23,IND,22,90,0.0,.285,.333,.056,2.5,17.1,10.0,7.8,1.7,0.0,11.9,20.8,,-0.4,0.1,-0.3,-0.181,,-9.8,-2.3,-12.1,-0.2"
"315,Andrew Nicholson\nichoan01,PF,27,WAS,28,231,6.4,.425,.208,.156,5.4,11.1,8.3,4.2,2.4,2.2,11.8,17.7,,-0.3,0.3,0.0,-0.006,,-5.5,-0.1,-5.6,-0.2"
"316,Joakim Noah\noahjo01,C,31,NYK,46,1015,15.1,.495,.005,.390,16.7,25.4,21.1,13.9,1.5,2.9,19.8,12.4,,1.1,1.1,2.2,.105,,-0.6,2.8,2.2,1.1"
"317,Nerlens Noel\noelne01,C,22,TOT,30,594,20.2,.626,.005,.366,9.3,19.4,14.3,8.7,3.5,3.7,13.1,18.0,,1.1,1.1,2.2,.178,,-0.2,3.4,3.1,0.8"
"317,Nerlens Noel\noelne01,C,22,PHI,29,564,20.8,.634,.006,.360,9.0,19.1,14.0,9.2,3.6,3.7,12.5,17.9,,1.1,1.1,2.2,.188,,0.3,3.7,4.0,0.9"
"317,Nerlens Noel\noelne01,C-F,22,DAL,1,30,8.6,.461,.000,.500,14.9,24.6,19.5,0.0,1.7,3.0,23.5,20.1,,0.0,0.0,0.0,-0.006,,-10.0,-2.9,-12.9,-0.1"
"318,Lucas Nogueira\noguelu01,C,24,TOR,49,1048,15.8,.701,.060,.444,8.5,16.6,12.5,5.2,2.3,7.2,19.6,9.5,,1.8,1.7,3.5,.162,,0.3,5.3,5.6,2.0"
"319,Steve Novak\novakst01,PF,33,MIL,8,22,1.3,.357,.857,.000,0.0,15.4,7.8,0.0,0.0,0.0,0.0,14.3,,0.0,0.0,0.0,-0.076,,-6.5,-6.9,-13.4,-0.1"
"320,Dirk Nowitzki\nowitdi01,PF,38,DAL,32,837,17.2,.516,.314,.173,2.0,26.6,13.7,11.0,1.5,2.6,6.1,25.8,,0.3,1.2,1.5,.086,,-1.6,0.7,-0.9,0.2"
"321,Jusuf Nurkic\nurkiju01,C,22,TOT,47,863,15.4,.523,.000,.371,12.1,23.9,18.0,11.4,1.8,3.4,19.5,22.3,,-0.2,0.9,0.7,.038,,-3.0,1.1,-1.8,0.0"
"321,Jusuf Nurkic\nurkiju01,C,22,DEN,45,807,14.9,.515,.000,.379,12.3,23.7,17.9,10.9,1.5,3.4,19.1,22.4,,-0.2,0.7,0.5,.029,,-3.1,0.8,-2.4,-0.1"
"321,Jusuf Nurkic\nurkiju01,C,22,POR,2,56,23.2,.666,.000,.235,9.7,28.0,18.7,17.5,5.3,4.4,27.2,20.2,,0.1,0.1,0.2,.160,,-0.6,6.0,5.4,0.1"
"322,Johnny O'Bryant\obryajo01,PF,23,DEN,7,46,14.5,.597,.200,.267,11.9,14.7,13.3,6.3,0.0,1.7,15.2,18.1,,0.1,0.0,0.1,.094,,-0.7,-3.2,-3.9,0.0"
"323,Kyle O'Quinn\oquinky01,PF,26,NYK,57,883,21.0,.555,.030,.188,14.4,24.5,19.4,12.8,1.6,7.0,14.3,18.7,,1.5,1.3,2.8,.152,,-0.1,3.5,3.4,1.2"
"324,Daniel Ochefu\ochefda01,C,23,WAS,13,47,4.3,.441,.000,.133,4.9,30.8,18.0,6.1,1.1,0.0,15.9,17.6,,-0.1,0.1,0.0,-0.017,,-8.3,-1.4,-9.6,-0.1"
"325,Jahlil Okafor\okafoja01,C,21,PHI,40,925,15.4,.542,.000,.358,8.1,15.0,11.5,8.3,0.7,3.6,11.6,23.2,,0.5,0.9,1.4,.072,,-2.9,0.0,-2.8,-0.2"
"326,Victor Oladipo\oladivi01,SG,24,OKC,48,1616,14.0,.537,.387,.167,1.9,12.4,7.2,12.0,1.8,0.8,9.5,21.0,,1.5,1.7,3.2,.094,,-0.2,-0.8,-1.0,0.4"
"327,Kelly Olynyk\olynyke01,C,25,BOS,51,1093,15.7,.615,.413,.239,4.8,20.5,12.7,14.3,1.5,1.5,14.2,18.5,,1.7,1.2,2.9,.129,,0.7,0.3,1.0,0.8"
"328,Arinze Onuaku\onuakar01,C,29,ORL,8,28,5.8,.500,.000,.000,7.7,16.1,11.8,10.0,0.0,2.9,33.3,9.5,,0.0,0.0,0.0,.000,,-6.5,0.9,-5.6,0.0"
"329,Chinanu Onuaku\onuakch01,C,20,HOU,2,10,37.3,1.042,.000,1.000,11.1,22.1,16.6,15.7,4.8,0.0,0.0,12.3,,0.1,0.0,0.1,.525,,10.7,2.1,12.8,0.0"
"330,Kelly Oubre\oubreke01,SF,21,WAS,54,1114,8.6,.514,.466,.216,4.0,14.1,9.1,4.0,1.8,0.7,9.2,14.1,,0.4,1.2,1.6,.067,,-1.9,-0.4,-2.3,-0.1"
"331,Zaza Pachulia\pachuza01,C,32,GSW,46,864,16.0,.596,.000,.479,13.1,21.5,17.6,13.5,2.4,2.1,20.1,14.3,,1.7,1.7,3.3,.185,,0.1,3.4,3.5,1.2"
"332,Georgios Papagiannis\papagge01,C,19,SAC,5,23,10.2,.750,.000,.000,5.1,20.2,12.6,0.0,0.0,4.1,20.0,9.8,,0.0,0.0,0.0,.076,,-5.3,-2.9,-8.1,0.0"
"333,Jabari Parker\parkeja01,PF,21,MIL,51,1728,19.0,.563,.219,.268,5.4,15.2,10.4,14.0,1.5,1.1,9.2,26.1,,2.8,1.2,4.1,.114,,1.7,-1.5,0.2,1.0"
"334,Tony Parker\parketo01,PG,34,SAS,44,1152,13.9,.523,.113,.197,0.9,7.0,4.0,28.2,1.0,0.1,11.5,20.1,,1.5,1.1,2.6,.108,,-0.6,-2.0,-2.6,-0.2"
"335,Chandler Parsons\parsoch01,SF,28,MEM,28,542,8.8,.447,.409,.188,0.6,13.6,6.9,13.3,1.6,0.7,7.8,18.2,,-0.2,0.6,0.4,.036,,-3.2,-0.3,-3.5,-0.2"
"336,Lamar Patterson\pattela01,SG,25,ATL,5,40,-1.9,.276,.400,.200,2.8,16.3,9.6,21.0,1.2,0.0,19.7,22.3,,-0.2,0.0,-0.2,-0.181,,-9.9,-1.3,-11.2,-0.1"
"337,Patrick Patterson\pattepa01,PF,27,TOR,41,1107,10.7,.529,.662,.163,4.9,17.5,11.1,7.2,1.4,1.3,9.3,12.5,,1.1,1.0,2.1,.090,,0.6,0.5,1.0,0.9"
"338,Chris Paul\paulch01,PG,31,LAC,37,1145,26.8,.609,.393,.360,2.6,16.1,9.5,49.4,3.6,0.4,14.5,24.1,,4.8,1.7,6.5,.274,,8.0,1.6,9.5,3.3"
"339,Adreian Payne\paynead01,PF,25,MIN,12,92,14.3,.526,.256,.385,7.5,17.9,12.6,6.9,2.8,3.8,13.3,25.3,,0.0,0.1,0.2,.079,,-2.4,-0.4,-2.9,0.0"
"340,Cameron Payne\payneca01,PG,22,TOT,21,332,6.3,.416,.414,.030,0.7,9.9,5.3,18.3,1.5,1.2,12.4,19.7,,-0.4,0.3,-0.1,-0.015,,-4.8,-2.0,-6.8,-0.4"
"340,Cameron Payne\payneca01,PG,22,OKC,20,320,6.1,.402,.400,.031,0.7,9.9,5.3,18.4,1.5,1.2,11.4,19.8,,-0.4,0.3,-0.1,-0.017,,-5.0,-1.9,-6.9,-0.4"
"340,Cameron Payne\payneca01,G,22,CHI,1,12,12.5,1.000,1.000,.000,0.0,9.2,4.5,13.3,0.0,0.0,40.0,18.1,,0.0,0.0,0.0,.038,,1.0,-4.4,-3.4,0.0"
"341,Elfrid Payton\paytoel01,PG,22,ORL,60,1740,15.6,.507,.191,.225,3.1,11.7,7.3,32.1,1.9,1.3,14.4,21.9,,0.9,1.5,2.5,.068,,-0.1,0.0,-0.1,0.8"
"342,Paul Pierce\piercpa01,SF,39,LAC,13,153,4.6,.529,.659,.244,0.0,12.7,6.5,1.8,1.0,1.6,15.0,15.5,,-0.1,0.1,0.0,.007,,-3.8,-1.4,-5.2,-0.1"
"343,Marshall Plumlee\plumlma02,C,24,NYK,8,65,8.6,.678,.000,1.500,13.1,14.8,14.0,7.9,0.8,2.5,37.6,7.0,,0.1,0.0,0.1,.069,,-2.0,0.7,-1.3,0.0"
"344,Mason Plumlee\plumlma01,C,26,TOT,57,1595,18.7,.556,.013,.523,8.5,23.3,15.8,21.6,1.6,3.3,14.2,18.1,,2.9,1.7,4.6,.138,,0.3,2.7,2.9,2.0"
"344,Mason Plumlee\plumlma01,C,26,POR,54,1516,18.8,.552,.011,.507,8.6,23.1,15.8,21.6,1.6,3.4,14.1,18.2,,2.7,1.6,4.3,.137,,0.3,2.8,3.0,1.9"
"344,Mason Plumlee\plumlma01,C,26,DEN,3,79,18.4,.623,.053,.895,7.0,27.0,16.9,22.0,1.2,1.0,15.9,16.8,,0.2,0.1,0.3,.153,,0.8,0.3,1.1,0.1"
"345,Miles Plumlee\plumlmi01,C,28,TOT,37,377,8.7,.519,.000,.443,8.3,13.2,10.8,7.4,1.6,2.8,20.9,14.2,,-0.1,0.3,0.3,.036,,-4.2,0.5,-3.7,-0.2"
"345,Miles Plumlee\plumlmi01,C,28,MIL,32,310,8.0,.492,.000,.515,8.7,10.9,9.8,8.1,1.8,2.6,20.9,15.3,,-0.1,0.2,0.1,.017,,-4.3,0.2,-4.2,-0.2"
"345,Miles Plumlee\plumlmi01,C,28,CHO,5,67,11.9,.727,.000,.000,6.4,23.9,15.2,4.6,0.7,3.8,21.4,9.3,,0.1,0.1,0.2,.124,,-3.7,1.9,-1.8,0.0"
"346,Jakob Poeltl\poeltja01,C,21,TOR,32,345,10.1,.526,.000,.483,13.3,15.9,14.6,3.6,1.6,2.3,16.6,10.9,,0.3,0.4,0.7,.098,,-1.8,0.7,-1.1,0.1"
"347,Otto Porter\porteot01,SF,23,WAS,56,1899,17.9,.649,.442,.150,4.5,17.5,11.1,6.6,2.2,1.5,5.9,15.3,,4.9,2.5,7.4,.187,,3.2,1.1,4.3,3.0"
"348,Bobby Portis\portibo01,PF,21,CHI,41,507,13.7,.535,.235,.200,9.5,20.7,15.0,6.8,0.7,0.9,10.6,17.8,,0.5,0.5,1.0,.097,,-1.6,-1.5,-3.1,-0.1"
"349,Kristaps Porzingis\porzikr01,PF,21,NYK,50,1635,17.2,.549,.332,.256,5.4,17.6,11.5,6.4,1.1,4.8,9.7,24.0,,2.0,1.5,3.4,.101,,0.2,-0.2,0.0,0.8"
"350,Dwight Powell\poweldw01,C,25,DAL,57,1032,18.9,.591,.094,.372,8.5,19.7,13.8,6.8,2.8,2.9,5.8,15.7,,2.4,1.7,4.1,.191,,-0.1,2.9,2.7,1.2"
"351,Norman Powell\powelno01,SG,23,TOR,54,935,13.2,.546,.329,.280,2.0,11.2,6.6,8.9,2.1,1.0,10.8,19.3,,0.8,0.8,1.6,.083,,-0.7,-1.0,-1.6,0.1"
"352,Ronnie Price\pricero01,PG,33,PHO,2,7,18.8,1.500,1.000,.000,0.0,0.0,0.0,0.0,6.9,0.0,50.0,12.1,,0.0,0.0,0.0,.078,,4.2,1.1,5.3,0.0"
"353,Tim Quarterman\quartti01,SG,22,POR,13,44,19.4,.731,.462,.000,4.9,10.2,7.5,29.0,1.1,3.7,23.5,16.9,,0.1,0.0,0.1,.158,,2.0,-1.5,0.5,0.0"
"354,Chasson Randle\randlch01,PG,23,PHI,8,74,17.8,.671,.577,.462,0.0,7.4,3.7,13.3,2.0,1.1,8.8,20.1,,0.2,0.1,0.3,.202,,2.7,-2.6,0.1,0.0"
"355,Julius Randle\randlju01,PF,22,LAL,51,1441,15.6,.537,.047,.363,6.8,24.9,15.5,20.1,1.3,1.2,16.8,21.8,,1.0,1.1,2.1,.069,,-1.2,0.7,-0.5,0.6"
"356,Zach Randolph\randoza01,PF,35,MEM,51,1241,18.9,.495,.097,.193,11.2,27.8,19.3,13.4,1.1,0.6,8.2,28.8,,0.8,1.8,2.7,.103,,-1.1,-0.4,-1.5,0.2"
"357,J.J. Redick\redicjj01,SG,32,LAC,55,1560,14.0,.583,.533,.201,0.8,7.6,4.3,7.4,1.3,0.4,9.2,22.1,,1.9,1.0,2.9,.089,,1.6,-2.2,-0.6,0.6"
"358,Willie Reed\reedwi02,C,26,MIA,50,735,17.4,.582,.015,.296,13.6,22.2,17.9,3.6,0.8,3.7,8.4,15.1,,1.5,1.1,2.6,.170,,-1.4,0.7,-0.7,0.2"
"359,Josh Richardson\richajo01,SG,23,MIA,30,903,9.1,.475,.465,.107,1.8,10.0,5.9,13.5,1.4,1.2,11.2,18.4,,-0.3,0.9,0.6,.032,,-1.7,0.0,-1.7,0.1"
"360,Malachi Richardson\richama01,SG,21,SAC,22,198,9.6,.517,.412,.279,1.8,11.7,6.7,8.8,1.3,0.5,9.5,19.3,,0.0,0.1,0.1,.033,,-2.6,-3.1,-5.7,-0.2"
"361,Austin Rivers\riverau01,SG,24,LAC,56,1592,12.1,.550,.399,.252,1.1,6.8,4.0,16.0,1.3,0.5,12.0,20.2,,1.3,1.0,2.3,.070,,0.3,-1.6,-1.3,0.3"
"362,Andre Roberson\roberan03,SF,25,OKC,58,1774,9.3,.499,.415,.246,4.2,14.3,9.3,4.5,1.8,2.6,9.2,10.4,,0.5,2.3,2.8,.076,,-2.5,1.9,-0.6,0.6"
"363,Brian Roberts\roberbr01,PG,31,CHO,22,169,11.7,.522,.318,.545,1.9,10.1,6.0,25.0,0.6,0.0,15.5,17.0,,0.2,0.1,0.3,.077,,-2.7,-2.8,-5.5,-0.1"
"364,Glenn Robinson\robingl02,SF,23,IND,57,1242,10.9,.558,.352,.215,4.7,14.0,9.4,4.7,1.2,1.2,9.6,12.8,,1.0,0.9,1.9,.073,,-1.3,-0.4,-1.7,0.1"
"365,Thomas Robinson\robinth01,PF,25,LAL,34,374,16.3,.518,.000,.315,16.5,27.2,21.7,9.5,2.1,2.0,16.5,17.3,,0.3,0.4,0.7,.091,,-2.0,0.8,-1.2,0.1"
"366,Sergio Rodriguez\rodrise01,PG,30,PHI,53,1190,10.9,.481,.473,.049,1.4,10.4,5.9,35.8,1.7,0.3,20.2,19.9,,-0.6,0.9,0.4,.015,,-1.8,-1.9,-3.7,-0.5"
"367,Rajon Rondo\rondora01,PG,30,CHI,50,1314,11.9,.422,.218,.098,3.7,17.6,10.5,36.2,2.6,0.5,23.2,17.0,,-1.0,1.7,0.8,.027,,-2.4,1.4,-1.1,0.3"
"368,Derrick Rose\rosede01,PG,28,NYK,50,1612,16.2,.516,.071,.223,3.6,9.4,6.5,22.8,1.0,0.8,12.4,25.9,,1.3,0.4,1.7,.051,,-0.3,-2.2,-2.6,-0.2"
"369,Terrence Ross\rosste01,SF,25,TOT,56,1275,15.1,.558,.530,.104,1.4,11.8,6.5,5.9,2.3,1.4,6.0,19.8,,1.7,1.2,2.9,.110,,1.3,-1.1,0.1,0.7"
"369,Terrence Ross\rosste01,SF,25,TOR,54,1207,14.9,.558,.534,.104,1.3,11.8,6.5,5.8,2.2,1.4,6.2,19.7,,1.6,1.1,2.7,.109,,1.3,-1.2,0.1,0.7"
"369,Terrence Ross\rosste01,F-G,25,ORL,2,68,19.0,.555,.469,.094,3.2,11.6,7.3,7.6,3.7,1.2,2.9,22.4,,0.1,0.1,0.2,.139,,1.9,-0.7,1.2,0.1"
"370,Terry Rozier\roziete01,PG,22,BOS,53,958,10.5,.466,.407,.173,3.3,15.6,9.5,14.0,1.7,0.9,8.9,16.3,,0.1,0.9,1.0,.050,,-2.5,-0.2,-2.6,-0.2"
"371,Ricky Rubio\rubiori01,PG,26,MIN,53,1703,15.3,.531,.356,.460,3.3,10.6,6.9,36.7,2.8,0.3,22.6,15.2,,2.5,1.3,3.8,.108,,1.0,-0.7,0.2,1.0"
"372,Damjan Rudez\rudezda01,SF,30,ORL,36,270,7.4,.507,.771,.000,2.0,7.5,4.7,9.1,2.0,0.3,10.3,12.8,,0.0,0.2,0.2,.038,,-2.0,-1.3,-3.3,-0.1"
"373,Brandon Rush\rushbr01,SG,31,MIN,25,470,6.7,.477,.609,.109,2.0,10.0,5.9,5.1,1.4,2.0,11.9,10.3,,-0.1,0.2,0.2,.017,,-2.5,-0.1,-2.6,-0.1"
"374,D'Angelo Russell\russeda01,PG,20,LAL,43,1147,15.6,.508,.442,.225,2.2,13.5,7.6,29.1,2.3,0.9,15.8,27.1,,0.1,0.7,0.8,.034,,1.0,-1.3,-0.3,0.5"
"375,Domantas Sabonis\sabondo01,PF,20,OKC,58,1258,6.8,.475,.351,.095,3.0,15.9,9.5,7.1,1.2,1.6,15.0,14.9,,-0.8,1.4,0.5,.020,,-4.7,0.0,-4.6,-0.8"
"376,Dario Saric\saricda01,PF,22,PHI,58,1441,11.8,.498,.385,.205,6.3,21.1,13.7,12.3,1.2,0.9,14.9,23.0,,-1.0,1.5,0.6,.019,,-2.5,-0.3,-2.8,-0.3"
"377,Tomas Satoransky\satorto01,SG,25,WAS,39,553,8.9,.490,.248,.239,4.3,9.3,6.8,17.0,1.8,0.8,20.5,12.0,,0.1,0.5,0.6,.053,,-2.8,0.1,-2.6,-0.1"
"378,Dennis Schroder\schrode01,PG,23,ATL,57,1760,16.4,.536,.245,.230,1.8,8.6,5.2,35.7,1.2,0.4,15.7,27.3,,1.3,1.5,2.8,.077,,0.9,-2.0,-1.1,0.4"
"379,Luis Scola\scolalu01,PF,36,BRK,36,461,13.9,.550,.331,.245,11.8,19.9,15.9,12.7,1.4,0.7,16.9,18.6,,0.4,0.3,0.7,.074,,-0.8,-0.5,-1.3,0.1"
"380,Mike Scott\scottmi01,PF,28,ATL,18,195,6.2,.366,.466,.138,5.7,15.0,10.4,12.4,1.0,1.3,11.5,15.6,,-0.3,0.2,0.0,-0.012,,-5.0,-0.1,-5.1,-0.2"
"381,Thabo Sefolosha\sefolth01,SF,32,ATL,46,1177,12.5,.526,.274,.188,3.4,14.5,9.0,9.0,3.2,1.6,11.1,13.7,,0.5,2.0,2.5,.100,,-1.8,3.0,1.2,0.9"
"382,Kevin Seraphin\serapke01,PF,27,IND,35,418,13.4,.544,.014,.072,8.5,20.3,14.5,7.2,0.5,3.1,11.8,17.3,,0.3,0.4,0.6,.073,,-3.1,-0.3,-3.4,-0.1"
"383,Ramon Sessions\sessira01,PG,30,CHO,50,811,12.2,.495,.236,.449,1.6,8.2,4.9,24.4,1.5,0.3,12.7,19.8,,0.3,0.7,1.0,.061,,-2.4,-2.0,-4.4,-0.5"
"384,Iman Shumpert\shumpim01,SG,26,CLE,53,1343,10.1,.554,.580,.201,2.6,10.2,6.5,8.3,1.9,1.0,12.4,13.7,,1.0,1.2,2.1,.076,,-0.3,0.5,0.1,0.7"
"385,Pascal Siakam\siakapa01,PF,22,TOR,48,806,11.0,.522,.021,.171,8.2,15.2,11.6,2.7,1.4,4.5,13.4,12.8,,0.4,0.9,1.3,.077,,-2.9,1.5,-1.4,0.1"
"386,Jonathon Simmons\simmojo02,SG,27,SAS,53,952,10.8,.520,.231,.349,1.7,12.4,7.2,12.9,1.9,1.6,14.1,17.9,,0.2,1.5,1.6,.082,,-2.3,1.2,-1.2,0.2"
"387,Kyle Singler\singlky01,SF,28,OKC,27,282,4.5,.493,.473,.200,1.6,10.9,6.2,2.4,0.5,1.1,14.3,10.5,,-0.1,0.2,0.1,.016,,-5.4,-1.6,-7.1,-0.4"
"388,Marcus Smart\smartma01,PG,22,BOS,55,1710,12.2,.494,.435,.303,3.4,10.8,7.1,21.2,2.7,1.0,16.0,18.3,,0.4,1.8,2.2,.061,,-0.9,0.7,-0.2,0.8"
"389,Ish Smith\smithis01,PG,28,DET,57,1350,13.7,.476,.147,.147,1.1,11.9,6.4,31.7,1.5,1.4,13.9,19.2,,0.4,1.5,1.9,.069,,-1.6,0.4,-1.3,0.2"
"390,J.R. Smith\smithjr01,SG,31,CLE,21,607,7.8,.481,.750,.049,1.5,6.5,4.1,5.9,2.1,1.2,7.4,14.7,,0.0,0.5,0.5,.036,,-0.7,-0.1,-0.9,0.2"
"391,Jason Smith\smithja02,C,30,WAS,54,714,12.5,.572,.098,.167,8.5,18.7,13.7,3.7,1.0,4.5,15.4,16.8,,0.4,1.0,1.4,.091,,-3.3,0.6,-2.7,-0.1"
"392,Tony Snell\snellto01,SG,25,MIL,55,1570,9.4,.603,.678,.105,1.2,11.8,6.6,5.9,0.9,0.7,8.5,11.5,,1.5,0.6,2.2,.066,,0.3,-1.4,-1.0,0.4"
"393,Marreese Speights\speigma01,C,29,LAC,58,953,19.2,.593,.492,.297,7.7,23.2,15.7,8.7,1.0,2.5,9.0,24.4,,2.4,1.2,3.6,.181,,2.5,-0.9,1.6,0.9"
"394,Nik Stauskas\stausni01,SG,23,PHI,56,1507,9.3,.555,.560,.243,1.0,10.2,5.6,12.3,0.9,1.4,15.3,15.7,,0.3,1.0,1.4,.044,,-1.6,-0.5,-2.1,0.0"
"395,Lance Stephenson\stephla01,SG,26,TOT,10,211,9.7,.491,.153,.139,1.5,11.5,6.4,23.9,0.5,0.4,14.5,18.8,,0.0,0.1,0.1,.014,,-3.7,-2.5,-6.1,-0.2"
"395,Lance Stephenson\stephla01,SG,26,NOP,6,162,10.3,.496,.182,.145,1.9,9.8,5.8,28.3,0.6,0.5,15.8,19.0,,0.0,0.1,0.1,.025,,-3.0,-2.2,-5.2,-0.1"
"395,Lance Stephenson\stephla01,SG,26,MIN,4,49,7.5,.475,.059,.118,0.0,16.8,8.3,9.4,0.0,0.0,10.1,18.0,,0.0,0.0,0.0,-0.023,,-5.9,-3.5,-9.4,-0.1"
"396,Jarnell Stokes\stokeja01,PF,23,DEN,2,7,31.6,.798,.000,2.000,15.7,16.1,15.9,40.8,7.0,0.0,0.0,11.3,,0.1,0.0,0.1,.471,,11.8,3.5,15.3,0.0"
"397,Diamond Stone\stonedi01,C,19,LAC,7,24,-1.2,.339,.000,.308,4.7,22.5,13.8,0.0,0.0,3.4,11.9,31.1,,-0.1,0.0,-0.1,-0.207,,-17.0,-6.9,-23.9,-0.1"
"398,Rodney Stuckey\stuckro01,PG,30,IND,27,498,12.8,.541,.217,.506,1.1,11.9,6.6,16.2,1.2,0.0,14.1,23.0,,0.2,0.3,0.5,.047,,-2.1,-2.6,-4.7,-0.3"
"399,Jared Sullinger\sullija01,PF,24,TOR,11,118,5.6,.359,.375,.167,9.5,16.4,12.9,3.7,1.7,0.7,7.2,20.9,,-0.2,0.1,-0.1,-0.046,,-5.1,-2.9,-8.0,-0.2"
"400,Walter Tavares\tavarwa01,C,24,ATL,1,4,13.2,.532,.000,2.000,0.0,27.1,13.7,0.0,0.0,0.0,0.0,20.6,,0.0,0.0,0.0,-0.048,,-8.0,-7.1,-15.1,0.0"
"401,Jeff Teague\teaguje01,PG,28,IND,59,1919,19.4,.571,.252,.472,1.5,12.6,7.1,37.8,2.1,1.2,17.1,22.2,,3.9,1.8,5.6,.141,,2.3,-0.4,1.9,1.9"
"402,Mirza Teletovic\teletmi01,PF,31,MIL,46,751,9.3,.530,.742,.127,1.6,15.1,8.5,6.7,0.5,1.2,9.9,19.9,,0.0,0.3,0.4,.023,,-0.9,-3.6,-4.5,-0.5"
"403,Garrett Temple\templga01,SG,30,SAC,49,1301,11.2,.561,.515,.202,2.4,9.3,5.8,12.8,2.3,1.6,13.0,13.4,,1.1,1.0,2.0,.075,,-0.1,0.3,0.2,0.7"
"404,Jason Terry\terryja01,SG,39,MIL,48,824,8.4,.579,.736,.125,1.4,6.1,3.8,10.6,1.6,1.5,13.1,9.6,,0.7,0.4,1.1,.061,,-0.5,-1.1,-1.6,0.1"
"405,Isaiah Thomas\thomais02,PG,27,BOS,54,1865,27.2,.627,.425,.443,1.8,6.9,4.4,33.6,1.1,0.2,10.1,34.1,,8.7,0.8,9.5,.244,,9.4,-3.9,5.5,3.5"
"406,Lance Thomas\thomala01,PF,28,NYK,34,627,6.6,.490,.329,.161,3.1,9.6,6.3,4.6,1.2,0.5,9.9,13.1,,0.1,0.2,0.2,.018,,-2.9,-1.7,-4.6,-0.4"
"407,Hollis Thompson\thompho01,SG,25,TOT,33,590,8.5,.495,.452,.133,2.8,13.0,7.9,7.4,1.2,0.8,5.4,13.7,,0.2,0.5,0.6,.053,,-2.6,-0.6,-3.1,-0.2"
"407,Hollis Thompson\thompho01,SG,25,PHI,31,561,9.0,.510,.447,.126,2.9,13.3,8.1,7.1,1.2,0.9,5.1,13.7,,0.3,0.5,0.7,.063,,-2.2,-0.5,-2.8,-0.1"
"407,Hollis Thompson\thompho01,G-F,25,NOP,2,29,-2.2,.190,.571,.286,0.0,7.3,3.6,13.6,1.7,0.0,11.3,13.6,,-0.1,0.0,-0.1,-0.150,,-9.0,-1.5,-10.5,-0.1"
"408,Klay Thompson\thompkl01,SG,26,GSW,56,1906,17.1,.598,.458,.165,2.3,9.3,6.0,9.3,1.1,1.0,8.7,25.5,,2.9,2.0,4.9,.124,,2.2,-2.2,0.0,1.0"
"409,Tristan Thompson\thomptr01,C,25,CLE,57,1714,15.6,.588,.009,.505,14.2,21.3,17.9,4.3,0.9,3.1,10.0,11.3,,3.7,2.0,5.7,.161,,0.0,1.9,1.9,1.7"
"410,Marcus Thornton\thornma01,SG,29,WAS,33,575,10.4,.494,.381,.129,4.4,10.5,7.5,9.9,1.6,0.4,10.1,18.9,,0.1,0.5,0.6,.050,,-1.7,-1.5,-3.2,-0.2"
"411,Mike Tobey\tobeymi01,C,22,CHO,2,25,-0.1,.250,.000,.000,8.6,4.3,6.4,5.4,0.0,0.0,20.0,8.9,,0.0,0.0,0.0,-0.062,,-7.4,-1.1,-8.5,0.0"
"412,Anthony Tolliver\tollian01,PF,31,SAC,47,1093,11.1,.602,.667,.224,4.8,14.6,9.7,6.4,1.3,0.9,13.3,13.4,,1.1,0.6,1.8,.077,,0.1,-0.9,-0.8,0.3"
"413,Karl-Anthony Towns\townska01,C,21,MIN,59,2156,24.8,.599,.186,.296,11.2,27.6,19.3,14.3,0.9,3.3,11.9,27.5,,6.1,2.2,8.3,.186,,3.9,0.7,4.5,3.6"
"414,P.J. Tucker\tuckepj01,SF,31,TOT,58,1656,11.0,.520,.383,.232,6.2,17.6,11.7,6.2,2.6,0.7,11.6,11.4,,1.2,1.4,2.6,.076,,-0.6,1.6,1.0,1.3"
"414,P.J. Tucker\tuckepj01,SF,31,PHO,57,1627,10.8,.518,.385,.218,6.1,17.4,11.6,6.2,2.6,0.7,11.8,11.4,,1.1,1.3,2.5,.073,,-0.6,1.6,1.0,1.2"
"414,P.J. Tucker\tuckepj01,F,31,TOR,1,29,21.9,.589,.200,1.200,11.6,27.6,19.5,4.6,5.2,0.0,0.0,11.7,,0.1,0.1,0.2,.262,,1.8,2.0,3.8,0.0"
"415,Evan Turner\turneev01,SG,28,POR,50,1311,12.2,.504,.222,.184,2.2,14.0,8.0,19.5,1.6,1.1,14.2,18.8,,0.3,0.8,1.0,.037,,-2.0,-0.5,-2.5,-0.2"
"416,Myles Turner\turnemy01,C,20,IND,58,1798,19.3,.596,.146,.373,5.8,19.8,12.9,6.0,1.4,5.9,9.6,20.9,,3.2,2.5,5.7,.152,,-0.1,2.0,1.9,1.8"
"417,Beno Udrih\udrihbe01,PG,34,DET,30,420,15.3,.527,.187,.173,1.3,8.9,5.0,32.7,0.8,0.0,12.9,19.7,,0.6,0.3,0.9,.105,,-0.5,-2.6,-3.1,-0.1"
"418,Tyler Ulis\ulisty01,PG,21,PHO,37,337,10.3,.454,.145,.129,2.9,6.1,4.4,22.4,3.0,0.2,17.1,19.8,,-0.3,0.2,-0.1,-0.009,,-3.5,-1.7,-5.2,-0.3"
"419,Jonas Valanciunas\valanjo01,C,24,TOR,56,1499,19.4,.590,.000,.308,12.2,29.3,20.7,4.3,0.9,2.4,11.8,19.6,,3.3,1.9,5.2,.167,,-0.8,-0.6,-1.3,0.2"
"420,Denzel Valentine\valende01,SG,23,CHI,34,455,7.6,.484,.716,.075,0.7,13.8,7.2,9.2,2.2,0.5,14.3,15.4,,-0.3,0.5,0.2,.026,,-2.4,-0.4,-2.9,-0.1"
"421,Fred VanVleet\vanvlfr01,PG,22,TOR,21,145,13.9,.456,.295,.180,2.3,12.6,7.4,18.6,3.5,0.6,5.7,21.4,,0.1,0.2,0.3,.089,,-0.8,-0.5,-1.3,0.0"
"422,Anderson Varejao\varejan01,C,34,GSW,14,92,9.4,.478,.000,.786,15.4,16.6,16.1,12.8,1.6,2.6,29.8,12.5,,0.0,0.1,0.2,.098,,-3.0,2.5,-0.5,0.0"
"423,Greivis Vasquez\vasqugr01,PG,30,BRK,3,39,4.1,.376,.375,.375,0.0,5.3,2.7,17.5,1.2,1.9,9.7,11.3,,0.0,0.0,0.0,-0.014,,-5.8,-1.9,-7.7,-0.1"
"424,Rashad Vaughn\vaughra01,SG,20,MIL,25,280,7.9,.459,.589,.021,0.4,11.3,6.0,5.1,2.2,1.6,6.8,16.5,,-0.2,0.2,0.0,-0.002,,-3.2,-1.7,-4.9,-0.2"
"425,Noah Vonleh\vonleno01,PF,21,POR,49,650,8.3,.463,.131,.294,11.1,23.8,17.3,2.4,1.1,2.1,18.8,14.4,,-0.4,0.6,0.1,.011,,-5.8,-1.1,-6.9,-0.8"
"426,Nikola Vucevic\vucevni01,C,26,ORL,57,1630,18.6,.498,.072,.167,8.2,31.0,19.3,17.1,1.7,2.8,10.7,24.7,,0.4,2.5,2.9,.085,,-1.7,2.6,0.9,1.2"
"427,Sasha Vujacic\vujacsa01,SG,32,NYK,29,231,8.8,.475,.569,.231,1.4,13.9,7.6,13.6,1.9,0.7,12.3,15.2,,0.0,0.1,0.2,.036,,-2.4,-1.5,-3.8,-0.1"
"428,Dwyane Wade\wadedw01,SG,35,CHI,50,1524,20.0,.512,.151,.299,3.9,12.7,8.2,23.3,2.6,1.9,10.4,29.9,,1.5,1.9,3.5,.109,,1.4,0.6,2.0,1.5"
"429,Dion Waiters\waitedi01,SG,25,MIA,36,1111,14.4,.502,.305,.186,1.5,11.0,6.2,23.8,1.5,1.3,12.5,26.3,,0.0,1.2,1.2,.052,,-0.3,-0.6,-0.8,0.3"
"430,Kemba Walker\walkeke02,PG,26,CHO,57,1962,20.8,.569,.384,.260,2.0,10.9,6.5,29.2,1.7,0.7,10.4,28.6,,3.8,2.0,5.9,.143,,4.9,-1.0,3.8,2.9"
"431,John Wall\walljo01,PG,26,WAS,54,1980,23.1,.539,.186,.351,2.6,11.1,6.9,46.6,2.8,1.4,16.8,30.6,,3.8,2.5,6.3,.153,,3.5,0.6,4.1,3.0"
"432,Taurean Waller-Prince\princta02,SF,22,ATL,35,396,9.2,.508,.368,.308,2.5,17.5,10.1,8.2,1.9,2.1,16.9,17.7,,-0.2,0.6,0.3,.041,,-4.7,0.8,-3.9,-0.2"
"433,T.J. Warren\warretj01,SF,23,PHO,45,1316,13.7,.507,.142,.187,6.1,9.1,7.6,5.3,1.9,1.2,5.8,19.5,,1.3,0.6,1.9,.069,,-0.7,-1.0,-1.7,0.1"
"434,C.J. Watson\watsocj01,PG,32,ORL,46,774,9.6,.522,.411,.317,1.4,8.3,4.7,15.6,2.1,0.1,14.9,13.8,,0.3,0.6,0.8,.052,,-2.5,-0.8,-3.3,-0.3"
"435,Briante Weber\weberbr01,PG,24,GSW,7,46,5.9,.392,.214,.214,0.0,8.9,4.8,13.7,3.1,1.7,16.4,17.1,,-0.1,0.1,0.0,-0.020,,-6.8,0.7,-6.1,0.0"
"436,David West\westda01,PF,36,GSW,44,508,16.6,.568,.028,.245,6.3,18.9,13.0,24.5,2.8,3.7,21.4,17.0,,0.6,1.1,1.7,.160,,-1.4,3.9,2.5,0.6"
"437,Russell Westbrook\westbru01,PG,28,OKC,58,2010,29.3,.542,.270,.441,5.8,27.7,16.8,56.4,2.3,0.8,16.2,41.6,,5.0,3.3,8.3,.199,,9.5,4.5,14.0,8.1"
"438,Okaro White\whiteok01,PF,24,MIA,16,249,9.9,.631,.476,.429,5.3,14.1,9.7,5.5,1.0,1.3,15.3,10.5,,0.3,0.3,0.6,.116,,-1.3,0.5,-0.9,0.1"
"439,Isaiah Whitehead\whiteis01,PG,21,BRK,50,1090,7.0,.473,.266,.191,1.7,10.1,5.9,20.4,1.2,1.6,21.5,18.9,,-1.5,0.5,-1.0,-0.046,,-5.0,-0.9,-5.9,-1.1"
"440,Hassan Whiteside\whiteha01,C,27,MIA,54,1773,21.3,.568,.000,.366,11.9,35.1,23.5,3.4,1.2,4.9,12.5,22.6,,2.1,3.7,5.8,.158,,-2.8,1.4,-1.3,0.3"
"441,Andrew Wiggins\wiggian01,SF,21,MIN,59,2195,17.0,.545,.192,.340,4.0,9.1,6.5,11.5,1.3,0.9,10.0,28.3,,2.8,0.8,3.6,.078,,0.7,-2.6,-2.0,0.0"
"442,C.J. Wilcox\wilcocj01,SG,26,ORL,17,78,4.7,.402,.684,.105,2.7,10.1,6.3,16.3,0.6,1.0,20.1,14.1,,-0.1,0.0,-0.1,-0.046,,-5.3,-1.9,-7.2,-0.1"
"443,Alan Williams\willial03,PF,24,PHO,24,179,20.9,.580,.000,.422,19.1,28.7,23.8,2.8,1.9,6.4,15.6,21.2,,0.3,0.3,0.5,.147,,-2.1,0.3,-1.8,0.0"
"444,Deron Williams\willide01,PG,32,DAL,40,1171,15.3,.532,.399,.185,1.2,9.4,5.1,40.0,1.1,0.2,16.5,23.8,,1.2,0.7,1.9,.077,,1.1,-2.4,-1.3,0.2"
"445,Derrick Williams\willide02,PF,25,TOT,31,518,11.2,.504,.349,.413,3.4,15.6,9.5,6.1,1.1,0.8,7.3,18.8,,0.2,0.5,0.7,.066,,-2.6,-1.6,-4.2,-0.3"
"445,Derrick Williams\willide02,PF,25,MIA,25,377,10.1,.465,.328,.365,4.6,16.6,10.6,5.6,1.2,1.0,8.1,20.4,,-0.1,0.4,0.3,.037,,-3.8,-1.4,-5.1,-0.3"
"445,Derrick Williams\willide02,PF,25,CLE,6,141,14.0,.644,.429,.600,0.0,12.9,6.6,7.2,0.7,0.0,4.3,14.4,,0.3,0.1,0.4,.145,,0.4,-2.1,-1.7,0.0"
"446,Lou Williams\willilo02,SG,30,TOT,60,1454,24.2,.612,.439,.466,1.1,9.2,5.0,22.7,2.3,0.6,11.8,30.5,,4.7,0.7,5.4,.178,,5.8,-3.2,2.5,1.7"
"446,Lou Williams\willilo02,SG,30,LAL,58,1403,24.0,.609,.431,.469,1.0,9.5,5.1,22.8,2.3,0.6,11.9,30.6,,4.4,0.7,5.1,.174,,5.6,-3.1,2.5,1.6"
"446,Lou Williams\willilo02,G,30,HOU,2,51,28.4,.691,.667,.407,2.2,2.2,2.2,20.2,2.8,0.0,8.6,29.1,,0.3,0.0,0.3,.291,,8.7,-5.4,3.3,0.1"
"447,Marvin Williams\willima02,PF,30,CHO,52,1499,12.6,.532,.513,.177,3.5,17.3,10.4,6.5,1.3,1.7,7.0,17.4,,0.9,1.8,2.7,.088,,-0.8,0.2,-0.6,0.5"
"448,Reggie Williams\willire02,SF,30,NOP,6,79,11.7,.518,.478,.304,2.6,5.4,4.0,7.3,1.9,0.0,0.0,14.6,,0.1,0.1,0.2,.095,,-0.9,-1.8,-2.7,0.0"
"449,Troy Williams\willitr02,SF,22,MEM,24,418,7.7,.477,.336,.205,1.6,10.6,6.0,7.3,3.0,2.1,16.9,17.3,,-0.6,0.6,0.1,.009,,-4.6,1.8,-2.8,-0.1"
"450,Kyle Wiltjer\wiltjky01,PF,24,HOU,9,29,4.4,.460,1.000,.200,11.5,15.3,13.4,0.0,0.0,2.8,21.6,20.4,,-0.1,0.0,0.0,-0.062,,-5.8,-6.4,-12.2,-0.1"
"451,Justise Winslow\winslju01,SF,20,MIA,18,625,8.2,.397,.155,.208,4.0,12.5,8.2,15.7,2.2,0.8,11.8,19.9,,-0.9,0.8,-0.2,-0.012,,-4.1,1.3,-2.7,-0.1"
"452,Jeff Withey\witheje01,C,26,UTA,32,252,17.9,.588,.019,.519,12.8,19.5,16.3,1.2,1.9,7.1,11.9,14.0,,0.5,0.6,1.0,.198,,-2.5,3.1,0.7,0.2"
"453,Christian Wood\woodch01,PF,21,CHO,4,26,16.2,.521,.500,1.000,12.5,28.8,20.7,5.5,0.0,6.6,10.4,16.5,,0.0,0.0,0.1,.162,,-2.8,0.9,-1.9,0.0"
"454,Metta World Peace\artesro01,SF,37,LAL,18,81,0.3,.286,.571,.286,3.9,8.3,6.0,8.5,1.8,2.0,8.7,18.2,,-0.3,0.0,-0.2,-0.130,,-6.7,-2.0,-8.7,-0.1"
"455,Brandan Wright\wrighbr03,PF,29,MEM,8,111,19.5,.573,.023,.205,9.9,10.5,10.2,1.7,1.4,5.2,5.9,20.8,,0.2,0.2,0.3,.147,,-1.7,-0.3,-2.0,0.0"
"456,Delon Wright\wrighde01,PG,24,TOR,3,49,14.6,.512,.167,.500,2.3,4.7,3.5,11.4,2.1,3.6,0.0,13.3,,0.1,0.0,0.1,.131,,-0.8,0.2,-0.6,0.0"
"457,James Young\youngja01,SG,21,BOS,21,166,13.3,.609,.511,.149,4.1,11.5,7.8,3.6,2.1,0.5,5.7,14.3,,0.3,0.1,0.4,.114,,-0.3,-1.7,-2.0,0.0"
"458,Joe Young\youngjo01,PG,24,IND,27,124,11.2,.426,.343,.194,0.9,11.5,6.3,18.3,1.6,0.0,5.2,27.7,,-0.2,0.1,-0.1,-0.032,,-3.2,-4.1,-7.3,-0.2"
"459,Nick Young\youngni01,SG,31,LAL,52,1372,14.8,.595,.656,.155,1.8,8.2,4.9,6.4,1.2,0.8,4.8,19.4,,2.9,0.3,3.2,.113,,3.1,-3.2,-0.1,0.7"
"460,Thaddeus Young\youngth01,PF,28,IND,51,1576,14.9,.575,.235,.133,5.6,16.3,11.0,8.4,2.9,1.4,13.3,16.4,,1.1,2.0,3.2,.096,,0.1,1.8,1.9,1.6"
"461,Cody Zeller\zelleco01,PF,24,CHO,39,1044,17.2,.621,.000,.473,9.3,16.7,13.0,8.7,1.4,3.4,12.6,16.6,,2.1,1.5,3.6,.167,,-0.2,2.2,2.0,1.1"
"462,Tyler Zeller\zellety01,C,27,BOS,35,413,13.6,.495,.008,.205,10.1,17.7,13.9,12.1,0.7,3.6,9.2,16.5,,0.4,0.4,0.8,.094,,-2.9,0.8,-2.1,0.0"
"463,Stephen Zimmerman\zimmest01,C,20,ORL,10,38,16.5,.446,.000,.077,11.3,35.5,23.1,8.4,1.3,2.1,0.0,15.7,,0.0,0.1,0.1,.111,,-4.3,0.4,-3.9,0.0"
"464,Paul Zipser\zipsepa01,SF,22,CHI,23,350,6.1,.466,.505,.275,2.4,13.9,8.1,4.0,1.0,1.1,13.6,14.7,,-0.2,0.3,0.1,.008,,-4.3,-1.1,-5.4,-0.3"
"465,Ivica Zubac\zubaciv01,C,19,LAL,24,331,16.4,.535,.000,.210,9.1,22.7,15.7,6.4,0.9,5.1,12.3,19.9,,0.2,0.3,0.5,.076,,-3.7,0.3,-3.4,-0.1"
